...1,sub_num,condition,session,repetition,peak_force,peak_force_pretest,peak_force_percent,mean_peak
1,1,Fixed,1,2,44.98712921,43.2167867,104.0964233,82.08009458
2,1,Fixed,1,4,36.68239212,43.2167867,84.87996198,82.08009458
3,1,Fixed,1,6,35.76173019,43.2167867,82.74962792,82.08009458
4,1,Fixed,1,8,34.46529007,43.2167867,79.7497748,82.08009458
5,1,Fixed,1,10,35.74294281,43.2167867,82.70615549,82.08009458
6,1,Fixed,1,12,34.57175827,43.2167867,79.99613323,82.08009458
7,1,Fixed,1,14,34.09577179,43.2167867,78.89474066,82.08009458
8,1,Fixed,1,16,32.3296051,43.2167867,74.80797988,82.08009458
9,1,Fixed,1,18,33.51331329,43.2167867,77.54698082,82.08009458
10,1,Fixed,1,20,33.06237793,43.2167867,76.50355441,82.08009458
11,1,Fixed,1,22,30.81395912,43.2167867,71.3009029,82.08009458
12,1,Fixed,1,24,32.48617935,43.2167867,75.17027949,82.08009458
13,1,Fixed,1,26,32.78054047,43.2167867,75.85140629,82.08009458
14,1,Fixed,1,28,34.15840149,43.2167867,79.0396605,82.08009458
15,1,Fixed,1,30,36.68239212,43.2167867,84.87996198,82.08009458
16,1,Fixed,1,32,39.29406357,43.2167867,90.92314947,82.08009458
17,1,Fixed,1,34,36.45066071,43.2167867,84.34375502,82.08009458
18,1,Fixed,1,36,36.04982758,43.2167867,83.41626096,82.08009458
19,1,Fixed,1,38,38.75544357,43.2167867,89.67682822,82.08009458
20,1,Fixed,1,40,36.7638092,43.2167867,85.06835424,82.08009458
21,1,Varied,2,2,43.54037476,44.77627563,97.239831,87.0962308
22,1,Varied,2,4,43.94747162,44.77627563,98.14901082,87.0962308
23,1,Varied,2,6,36.563392639999996,44.77627563,81.65795864,87.0962308
24,1,Varied,2,8,41.88694382,44.77627563,93.54718146,87.0962308
25,1,Varied,2,10,34.67196655,44.77627563,77.43378845,87.0962308
26,1,Varied,2,12,39.16254044,44.77627563,87.4627018,87.0962308
27,1,Varied,2,14,39.72620773,44.77627563,88.72155437,87.0962308
28,1,Varied,2,16,42.51950836,44.77627563,94.95990401,87.0962308
29,1,Varied,2,18,36.66360092,44.77627563,81.88175636,87.0962308
30,1,Varied,2,20,38.22308731,44.77627563,85.36459714,87.0962308
31,1,Varied,2,22,40.12704086,44.77627563,89.61674524,87.0962308
32,1,Varied,2,24,39.12496185,44.77627563,87.37877659,87.0962308
33,1,Varied,2,26,38.28572083,44.77627563,85.50447817,87.0962308
34,1,Varied,2,28,39.80762863,44.77627563,88.90339374,87.0962308
35,1,Varied,2,30,38.20429993,44.77627563,85.322638799999993,87.0962308
36,1,Varied,2,32,37.40263748,44.77627563,83.53226558,87.0962308
37,1,Varied,2,34,38.32955933,44.77627563,85.60238381,87.0962308
38,1,Varied,2,36,37.40263748,44.77627563,83.53226558,87.0962308
39,1,Varied,2,38,37.70952225,44.77627563,84.21763917,87.0962308
40,1,Varied,2,40,36.66986465,44.77627563,81.89574531,87.0962308
41,2,Fixed,2,2,51.99229431,53.43278376,97.30410929,85.99015531
42,2,Fixed,2,4,49.96308136,53.43278376,93.50641655,85.99015531
43,2,Fixed,2,6,48.67290497,53.43278376,91.09183827,85.99015531
44,2,Fixed,2,8,47.0132103,53.43278376,87.98570276,85.99015531
45,2,Fixed,2,10,46.63742828,53.43278376,87.28242289,85.99015531
46,2,Fixed,2,12,47.02573395,53.43278376,88.0091409,85.99015531
47,2,Fixed,2,14,48.8482666,53.43278376,91.42002935,85.99015531
48,2,Fixed,2,16,48.8044281,53.43278376,91.33798515,85.99015531
49,2,Fixed,2,18,43.67502975,53.43278376,81.73826381,85.99015531
50,2,Fixed,2,20,42.38485336,53.43278376,79.32368553,85.99015531
51,2,Fixed,2,22,44.73974228,53.43278376,83.73088417,85.99015531
52,2,Fixed,2,24,47.63951111,53.43278376,89.15783112,85.99015531
53,2,Fixed,2,26,44.33264542,53.43278376,82.96899823,85.99015531
54,2,Fixed,2,28,44.20738602,53.43278376,82.73457399,85.99015531
55,2,Fixed,2,30,44.07586288,53.43278376,82.4884271,85.99015531
56,2,Fixed,2,32,40.28674698,53.43278376,75.39705803,85.99015531
57,2,Fixed,2,34,42.32222366,53.43278376,79.20647341,85.99015531
58,2,Fixed,2,36,44.5581131,53.43278376,83.3909633,85.99015531
59,2,Fixed,2,38,46.96936798,53.43278376,87.90365142,85.99015531
60,2,Fixed,2,40,44.78984451,53.43278376,83.82465101,85.99015531
61,3,Fixed,1,2,20.43616867,19.89755122,102.7069535,96.61158139
62,3,Fixed,1,4,19.42156219,19.89755122,97.60780099,96.61158139
63,3,Fixed,1,6,19.59692764,19.89755122,98.48914285,96.61158139
64,3,Fixed,1,8,19.64076805,19.89755122,98.70947352,96.61158139
65,3,Fixed,1,10,19.64076805,19.89755122,98.70947352,96.61158139
66,3,Fixed,1,12,20.3171711,19.89755122,102.1089021,96.61158139
67,3,Fixed,1,14,20.47374725,19.89755122,102.8958138,96.61158139
68,3,Fixed,1,16,18.72010612,19.89755122,94.0824623,96.61158139
69,3,Fixed,1,18,19.24619865,19.89755122,96.72646871,96.61158139
70,3,Fixed,1,20,19.59692764,19.89755122,98.48914285,96.61158139
71,3,Fixed,1,22,19.47166634,19.89755122,97.85961158,96.61158139
72,3,Fixed,1,24,18.97689056,19.89755122,95.37299518,96.61158139
73,3,Fixed,1,26,18.55726814,19.89755122,93.26408028,96.61158139
74,3,Fixed,1,28,18.30048561,19.89755122,91.973557,96.61158139
75,3,Fixed,1,30,17.5489254,19.89755122,88.19640772,96.61158139
76,3,Fixed,1,32,18.60111046,19.89755122,93.48442054,96.61158139
77,3,Fixed,1,34,19.87249947,19.89755122,99.8740963,96.61158139
78,3,Fixed,1,36,19.69713593,19.89755122,98.99276403,96.61158139
79,3,Fixed,1,38,18.47584915,19.89755122,92.85488927,96.61158139
80,3,Fixed,1,40,17.87460136,19.89755122,89.83317177,96.61158139
81,3,Varied,2,2,20.63658524,19.2837766,107.0152681,94.83273951
82,3,Varied,2,4,20.84952736,19.2837766,108.1195234,94.83273951
83,3,Varied,2,6,17.19193459,19.2837766,89.15232188,94.83273951
84,3,Varied,2,8,18.36311531,19.2837766,95.22572103,94.83273951
85,3,Varied,2,10,18.46958733,19.2837766,95.77785362,94.83273951
86,3,Varied,2,12,18.98941612,19.2837766,98.47353304,94.83273951
87,3,Varied,2,14,18.11885834,19.2837766,93.95907613,94.83273951
88,3,Varied,2,16,18.51342773,19.2837766,96.0051971,94.83273951
89,3,Varied,2,18,15.68881512,19.2837766,81.35758592,94.83273951
90,3,Varied,2,20,18.54474258,19.2837766,96.16758671,94.83273951
91,3,Varied,2,22,16.47795296,19.2837766,85.44982292,94.83273951
92,3,Varied,2,24,18.03117752,19.2837766,93.50438917,94.83273951
93,3,Varied,2,26,19.17730522,19.2837766,99.44787071,94.83273951
94,3,Varied,2,28,19.40903664,19.2837766,100.6495617,94.83273951
95,3,Varied,2,30,18.79526329,19.2837766,97.46671349,94.83273951
96,3,Varied,2,32,18.1313858,19.2837766,94.02403989,94.83273951
97,3,Varied,2,34,16.01449013,19.2837766,83.04644084,94.83273951
98,3,Varied,2,36,17.84328651,19.2837766,92.53004162,94.83273951
99,3,Varied,2,38,18.40695763,19.2837766,95.4530744,94.83273951
100,3,Varied,2,40,18.09380722,19.2837766,93.8291684,94.83273951
101,4,Fixed,2,2,23.53009033,21.23783302,110.7932731,104.3718668
102,4,Fixed,2,4,22.22738647,21.23783302,104.6593899,104.3718668
103,4,Fixed,2,6,21.95807838,21.23783302,103.3913317,104.3718668
104,4,Fixed,2,8,21.68876839,21.23783302,102.1232645,104.3718668
105,4,Fixed,2,10,19.85997391,21.23783302,93.51224245,104.3718668
106,4,Fixed,2,12,21.66371727,21.23783302,102.0053093,104.3718668
107,4,Fixed,2,14,21.14388847,21.23783302,99.55765473,104.3718668
108,4,Fixed,2,16,22.23365021,21.23783302,104.6888832,104.3718668
109,4,Fixed,2,18,22.07081223,21.23783302,103.9221478,104.3718668
110,4,Fixed,2,20,22.17102051,21.23783302,104.3939864,104.3718668
111,4,Fixed,2,22,23.12299538,21.23783302,108.8764346,104.3718668
112,4,Fixed,2,24,19.93512917,21.23783302,93.86611687,104.3718668
113,4,Fixed,2,26,21.28167343,21.23783302,100.206426,104.3718668
114,4,Fixed,2,28,22.42780304,21.23783302,105.603067,104.3718668
115,4,Fixed,2,30,20.94973564,21.23783302,98.64347092,104.3718668
116,4,Fixed,2,32,23.14178467,21.23783302,108.9649054,104.3718668
117,4,Fixed,2,34,23.93092346,21.23783302,112.6806272,104.3718668
118,4,Fixed,2,36,23.69919205,21.23783302,111.5895017,104.3718668
119,4,Fixed,2,38,23.89960861,21.23783302,112.5331788,104.3718668
120,4,Fixed,2,40,22.39022446,21.23783302,105.4261253,104.3718668
121,4,Varied,1,2,21.07499504,16.35060533,128.8942802,127.9864648
122,4,Varied,1,4,20.27333069,16.35060533,123.9913158,127.9864648
123,4,Varied,1,6,18.85789299,16.35060533,115.334525,127.9864648
124,4,Varied,1,8,18.14391136,16.35060533,110.9678266,127.9864648
125,4,Varied,1,10,20.0040226,16.35060533,122.3442325,127.9864648
126,4,Varied,1,12,20.16059685,16.35060533,123.3018377,127.9864648
127,4,Varied,1,14,21.18772888,16.35060533,129.5837583,127.9864648
128,4,Varied,1,16,21.68876839,16.35060533,132.6481066,127.9864648
129,4,Varied,1,18,22.39022446,16.35060533,136.938199,127.9864648
130,4,Varied,1,20,21.38188171,16.35060533,130.7711934,127.9864648
131,4,Varied,1,22,21.66371727,16.35060533,132.4948944,127.9864648
132,4,Varied,1,24,20.59900665,16.35060533,125.983144,127.9864648
133,4,Varied,1,26,20.14180756,16.35060533,123.1869228,127.9864648
134,4,Varied,1,28,21.50087929,16.35060533,131.4989803,127.9864648
135,4,Varied,1,30,22.60316658,16.35060533,138.2405491,127.9864648
136,4,Varied,1,32,21.96434021,16.35060533,134.3334988,127.9864648
137,4,Varied,1,34,21.18772888,16.35060533,129.5837583,127.9864648
138,4,Varied,1,36,21.36309242,16.35060533,130.6562784,127.9864648
139,4,Varied,1,38,21.75766182,16.35060533,133.0694576,127.9864648
140,4,Varied,1,40,20.58648109,16.35060533,125.9065379,127.9864648
141,5,Fixed,1,2,20.39232826,18.53847949,110.0000045,105.8834485
142,5,Fixed,1,4,19.55934906,18.53847949,105.50676,105.8834485
143,5,Fixed,1,6,17.47377014,18.53847949,94.25676013,105.8834485
144,5,Fixed,1,8,19.60318947,18.53847949,105.7432433,105.8834485
145,5,Fixed,1,10,20.24827957,18.53847949,109.2229791,105.8834485
146,5,Fixed,1,12,20.91842079,18.53847949,112.8378452,105.8834485
147,5,Fixed,1,14,18.92052269,18.53847949,102.060812,105.8834485
148,5,Fixed,1,16,20.22949028,18.53847949,109.1216262,105.8834485
149,5,Fixed,1,18,19.26498795,18.53847949,103.9189215,105.8834485
150,5,Fixed,1,20,23.02905083,18.53847949,124.2229755,105.8834485
151,5,Fixed,1,22,16.99778175,18.53847949,91.6891904,105.8834485
152,5,Fixed,1,24,18.11885834,18.53847949,97.73648562,105.8834485
153,5,Fixed,1,26,20.22949028,18.53847949,109.1216262,105.8834485
154,5,Fixed,1,28,19.34640694,18.53847949,104.3581107,105.8834485
155,5,Fixed,1,30,20.9622612,18.53847949,113.0743285,105.8834485
156,5,Fixed,1,32,21.12509918,18.53847949,113.9527068,105.8834485
157,5,Fixed,1,34,18.08754349,18.53847949,97.5675675,105.8834485
158,5,Fixed,1,36,21.07499504,18.53847949,113.6824358,105.8834485
159,5,Fixed,1,38,19.25872421,18.53847949,103.8851338,105.8834485
160,5,Fixed,1,40,17.74307823,18.53847949,95.70945796,105.8834485
161,5,Varied,2,2,26.56138229,25.20231183,105.392642,87.13966255
162,5,Varied,2,4,21.5447197,25.20231183,85.48707689,87.13966255
163,5,Varied,2,6,24.9392662,25.20231183,98.95626389,87.13966255
164,5,Varied,2,8,25.62819672,25.20231183,101.6898643,87.13966255
165,5,Varied,2,10,22.40275192,25.20231183,88.89165435,87.13966255
166,5,Varied,2,12,20.85578918,25.20231183,82.75347644,87.13966255
167,5,Varied,2,14,23.83071518,25.20231183,94.55765541,87.13966255
168,5,Varied,2,16,24.06244659,25.20231183,95.47714016,87.13966255
169,5,Varied,2,18,21.80150223,25.20231183,86.50596172,87.13966255
170,5,Varied,2,20,21.95181465,25.20231183,87.10238488,87.13966255
171,5,Varied,2,22,23.31088638,25.20231183,92.49503195,87.13966255
172,5,Varied,2,24,19.82239532,25.20231183,78.65308332,87.13966255
173,5,Varied,2,26,20.17938614,25.20231183,80.06958358,87.13966255
174,5,Varied,2,28,19.18356895,25.20231183,76.11829058,87.13966255
175,5,Varied,2,30,20.3171711,25.20231183,80.61629914,87.13966255
176,5,Varied,2,32,19.92260361,25.20231183,79.05069876,87.13966255
177,5,Varied,2,34,19.6720829,25.20231183,78.05666016,87.13966255
178,5,Varied,2,36,20.90589333,25.20231183,82.95228415,87.13966255
179,5,Varied,2,38,20.68668938,25.20231183,82.08250701,87.13966255
180,5,Varied,2,40,21.64492798,25.20231183,85.88469233,87.13966255
181,6,Fixed,2,2,38.43289948,41.45375315,92.71271369,84.58665869
182,6,Fixed,2,4,38.22621918,41.45375315,92.21413327,84.58665869
183,6,Fixed,2,6,34.47468185,41.45375315,83.16419921,84.58665869
184,6,Fixed,2,8,39.34103394,41.45375315,94.90343079,84.58665869
185,6,Fixed,2,10,34.75025558,41.45375315,83.82897311,84.58665869
186,6,Fixed,2,12,35.35150528,41.45375315,85.27938387,84.58665869
187,6,Fixed,2,14,32.87761688,41.45375315,79.31155657,84.58665869
188,6,Fixed,2,16,32.9840889,41.45375315,79.56840187,84.58665869
189,6,Fixed,2,18,33.39744568,41.45375315,80.56555351,84.58665869
190,6,Fixed,2,20,32.28263474,41.45375315,77.87626519,84.58665869
191,6,Fixed,2,22,31.6312809,41.45375315,76.30498687,84.58665869
192,6,Fixed,2,24,35.2325058,41.45375315,84.99231823,84.58665869
193,6,Fixed,2,26,35.12603378,41.45375315,84.73547293,84.58665869
194,6,Fixed,2,28,37.4370842,41.45375315,90.3104818,84.58665869
195,6,Fixed,2,30,35.40160751,41.45375315,85.40024683,84.58665869
196,6,Fixed,2,32,34.99451065,41.45375315,84.41819615,84.58665869
197,6,Fixed,2,34,34.14900589,41.45375315,82.37856235,84.58665869
198,6,Fixed,2,36,35.79617691,41.45375315,86.35207716,84.58665869
199,6,Fixed,2,38,34.2116394,41.45375315,82.52965486,84.58665869
200,6,Fixed,2,40,35.1886673,41.45375315,84.88656544,84.58665869
201,6,Varied,1,2,43.49653625,41.4527092,104.930503,83.72910025
202,6,Varied,1,4,42.93912888,41.4527092,103.5858203,83.72910025
203,6,Varied,1,6,36.13124847,41.4527092,87.16257435,83.72910025
204,6,Varied,1,8,36.01224899,41.4527092,86.87550148,83.72910025
205,6,Varied,1,10,34.48407745,41.4527092,83.18895947,83.72910025
206,6,Varied,1,12,35.25442886,41.4527092,85.04734563,83.72910025
207,6,Varied,1,14,34.83480453,41.4527092,84.03504912,83.72910025
208,6,Varied,1,16,37.57173538,41.4527092,90.63758705,83.72910025
209,6,Varied,1,18,39.29406357,41.4527092,94.79251014,83.72910025
210,6,Varied,1,20,36.563392639999996,41.4527092,88.20507356,83.72910025
211,6,Varied,1,22,33.306633,41.4527092,80.34850711,83.72910025
212,6,Varied,1,24,30.63233376,41.4527092,73.89706089,83.72910025
213,6,Varied,1,26,35.73041534,41.4527092,86.19560949,83.72910025
214,6,Varied,1,28,24.5634861,41.4527092,59.2566483,83.72910025
215,6,Varied,1,30,37.1583786,41.4527092,89.64041029,83.72910025
216,6,Varied,1,32,30.98306084,41.4527092,74.74315054,83.72910025
217,6,Varied,1,34,33.19390106,41.4527092,80.07655399,83.72910025
218,6,Varied,1,36,32.12292862,41.4527092,77.49295339,83.72910025
219,6,Varied,1,38,31.52167892,41.4527092,76.04250611,83.72910025
220,6,Varied,1,40,28.36512756,41.4527092,68.42768087,83.72910025
221,7,Fixed,1,2,33.67615128,36.98719152,91.04814368,76.13788766
222,7,Fixed,1,4,32.78054047,36.98719152,88.62673569,76.13788766
223,7,Fixed,1,6,30.92669487,36.98719152,83.61460711,76.13788766
224,7,Fixed,1,8,28.390178680000002,36.98719152,76.75678394,76.13788766
225,7,Fixed,1,10,28.05197716,36.98719152,75.84240924,76.13788766
226,7,Fixed,1,12,28.82232666,36.98719152,77.92515592,76.13788766
227,7,Fixed,1,14,29.11042404,36.98719152,78.70406713,76.13788766
228,7,Fixed,1,16,26.79311371,36.98719152,72.43889738,76.13788766
229,7,Fixed,1,18,26.58017159,36.98719152,71.86317883,76.13788766
230,7,Fixed,1,20,25.89750481,36.98719152,70.01749455,76.13788766
231,7,Fixed,1,22,27.90166473,36.98719152,75.43601876,76.13788766
232,7,Fixed,1,24,26.20439148,36.98719152,70.84720522,76.13788766
233,7,Fixed,1,26,26.38601875,36.98719152,71.33825973,76.13788766
234,7,Fixed,1,28,27.09373856,36.98719152,73.25167833,76.13788766
235,7,Fixed,1,30,25.47788429,36.98719152,68.88299232,76.13788766
236,7,Fixed,1,32,28.11460686,36.98719152,76.01173732,76.13788766
237,7,Fixed,1,34,25.70961571,36.98719152,69.50951033,76.13788766
238,7,Fixed,1,36,26.18560219,36.98719152,70.79640576,76.13788766
239,7,Fixed,1,38,28.62817383,36.98719152,77.40023682,76.13788766
240,7,Fixed,1,40,30.49454689,36.98719152,82.44623514,76.13788766
241,7,Varied,2,2,31.48097038,36.91307831,85.28405602,79.74097177
242,7,Varied,2,4,31.5060215,36.91307831,85.35192117,79.74097177
243,7,Varied,2,6,30.96113968,36.91307831,83.87579985,79.74097177
244,7,Varied,2,8,29.48307228,36.91307831,79.87161633,79.74097177
245,7,Varied,2,10,29.29518318,36.91307831,79.36261218,79.74097177
246,7,Varied,2,12,27.42880821,36.91307831,74.30647746,79.74097177
247,7,Varied,2,14,26.62714386,36.91307831,72.13471507,79.74097177
248,7,Varied,2,16,26.82129669,36.91307831,72.66068808,79.74097177
249,7,Varied,2,18,29.51438713,36.91307831,79.95645035,79.74097177
250,7,Varied,2,20,27.39122963,36.91307831,74.20467456,79.74097177
251,7,Varied,2,22,29.68348885,36.91307831,80.41455822,79.74097177
252,7,Varied,2,24,27.82964134,36.91307831,75.39236124,79.74097177
253,7,Varied,2,26,28.89435005,36.91307831,78.2767284,79.74097177
254,7,Varied,2,28,28.16157913,36.91307831,76.29160293,79.74097177
255,7,Varied,2,30,32.28263474,36.91307831,87.45581841,79.74097177
256,7,Varied,2,32,29.06971359,36.91307831,78.75179997,79.74097177
257,7,Varied,2,34,32.95903778,36.91307831,89.28823954,79.74097177
258,7,Varied,2,36,27.19081497,36.91307831,73.66173784,79.74097177
259,7,Varied,2,38,27.49770164,36.91307831,74.49311438,79.74097177
260,7,Varied,2,40,34.61873245,36.91307831,93.7844635,79.74097177
261,8,Fixed,2,2,55.63422775,53.73236465,103.5395113,80.89323208
262,8,Fixed,2,4,50.6676712,53.73236465,94.29637339,80.89323208
263,8,Fixed,2,6,48.37541199,53.73236465,90.03030538,80.89323208
264,8,Fixed,2,8,38.40471649,53.73236465,71.47408594,80.89323208
265,8,Fixed,2,10,49.17081451,53.73236465,91.51060972,80.89323208
266,8,Fixed,2,12,45.93910599,53.73236465,85.4961554,80.89323208
267,8,Fixed,2,14,42.95791626,53.73236465,79.94793554,80.89323208
268,8,Fixed,2,16,43.08317566,53.73236465,80.18105277,80.89323208
269,8,Fixed,2,18,40.66566086,53.73236465,75.68187464,80.89323208
270,8,Fixed,2,20,42.40050888,53.73236465,78.9105582,80.89323208
271,8,Fixed,2,22,41.56126785,53.73236465,77.34866708,80.89323208
272,8,Fixed,2,24,41.68026352,53.73236465,77.57012703,80.89323208
273,8,Fixed,2,26,41.88694382,53.73236465,77.95477472,80.89323208
274,8,Fixed,2,28,39.5946846,53.73236465,73.68870671,80.89323208
275,8,Fixed,2,30,42.09988785,53.73236465,78.35107969,80.89323208
276,8,Fixed,2,32,44.71781921,53.73236465,83.22324823,80.89323208
277,8,Fixed,2,34,41.70531845,53.73236465,77.61675616,80.89323208
278,8,Fixed,2,36,41.799263,53.73236465,77.79159408,80.89323208
279,8,Fixed,2,38,36.09366989,53.73236465,67.17305319,80.89323208
280,8,Fixed,2,40,40.87860107,53.73236465,76.07817251,80.89323208
281,8,Varied,1,2,51.85137558,55.38997269,93.61148429,69.20397959
282,8,Varied,1,4,44.24809647,55.38997269,79.88466923,69.20397959
283,8,Varied,1,6,45.99547195,55.38997269,83.0393476,69.20397959
284,8,Varied,1,8,43.12075424,55.38997269,77.84938708,69.20397959
285,8,Varied,1,10,37.76588821,55.38997269,68.18181411,69.20397959
286,8,Varied,1,12,41.12911987,55.38997269,74.25372839,69.20397959
287,8,Varied,1,14,37.54042053,55.38997269,67.77475906,69.20397959
288,8,Varied,1,16,34.10829926,55.38997269,61.57847278,69.20397959
289,8,Varied,1,18,37.06443405,55.38997269,66.91542215,69.20397959
290,8,Varied,1,20,37.71578598,55.38997269,68.09136049,69.20397959
291,8,Varied,1,22,33.85151672,55.38997269,61.1148825,69.20397959
292,8,Varied,1,24,41.6113739,55.38997269,75.12438061,69.20397959
293,8,Varied,1,26,34.63439178,55.38997269,62.5282702,69.20397959
294,8,Varied,1,28,36.75128555,55.38997269,66.35006982,69.20397959
295,8,Varied,1,30,35.19805908,55.38997269,63.54590438,69.20397959
296,8,Varied,1,32,32.411026,55.38997269,58.51424803,69.20397959
297,8,Varied,1,34,32.98722076,55.38997269,59.55449906,69.20397959
298,8,Varied,1,36,33.13127136,55.38997269,59.81456526,69.20397959
299,8,Varied,1,38,37.08948517,55.38997269,66.96064896,69.20397959
300,8,Varied,1,40,38.43603134,55.38997269,69.39167773,69.20397959
301,9,Fixed,1,2,26.51754189,27.72630119,95.64038744,102.7704987
302,9,Fixed,1,4,27.43194008,27.72630119,98.93833255,102.7704987
303,9,Fixed,1,6,27.745090480000002,27.72630119,100.067767,102.7704987
304,9,Fixed,1,8,26.71169472,27.72630119,96.34063531,102.7704987
305,9,Fixed,1,10,29.19810677,27.72630119,105.3083372,102.7704987
306,9,Fixed,1,12,27.01231956,27.72630119,97.42489406,102.7704987
307,9,Fixed,1,14,28.55301666,27.72630119,102.9817013,102.7704987
308,9,Fixed,1,16,30.01229668,27.72630119,108.2448628,102.7704987
309,9,Fixed,1,18,29.49872971,27.72630119,106.3925891,102.7704987
310,9,Fixed,1,20,28.02692413,27.72630119,101.0842519,102.7704987
311,9,Fixed,1,22,29.86824608,27.72630119,107.7253178,102.7704987
312,9,Fixed,1,24,28.6219101,27.72630119,103.2301781,102.7704987
313,9,Fixed,1,26,28.95384979,27.72630119,104.4273796,102.7704987
314,9,Fixed,1,28,28.42775726,27.72630119,102.5299302,102.7704987
315,9,Fixed,1,30,29.40478516,27.72630119,106.0537608,102.7704987
316,9,Fixed,1,32,28.40270424,27.72630119,102.4395719,102.7704987
317,9,Fixed,1,34,29.24194717,27.72630119,105.4664557,102.7704987
318,9,Fixed,1,36,29.92461395,27.72630119,107.9286189,102.7704987
319,9,Fixed,1,38,28.67201424,27.72630119,103.4108879,102.7704987
320,9,Fixed,1,40,27.66367149,27.72630119,99.77411448,102.7704987
321,9,Varied,2,2,31.17721367,31.77846209,98.10800025,93.78793882
322,9,Varied,2,4,31.13337326,31.77846209,97.97004389,93.78793882
323,9,Varied,2,6,30.98932457,31.77846209,97.51675358,93.78793882
324,9,Varied,2,8,29.93713951,31.77846209,94.20575302,93.78793882
325,9,Varied,2,10,29.79935455,31.77846209,93.77217333,93.78793882
326,9,Varied,2,12,29.52378273,31.77846209,92.90500794,93.78793882
327,9,Varied,2,14,29.29205132,31.77846209,92.17579891,93.78793882
328,9,Varied,2,16,29.59893799,31.77846209,93.14150541,93.78793882
329,9,Varied,2,18,31.07074356,31.77846209,97.77296167,93.78793882
330,9,Varied,2,20,30.11876678,31.77846209,94.77729507,93.78793882
331,9,Varied,2,22,28.52796555,31.77846209,89.77138498,93.78793882
332,9,Varied,2,24,30.36928749,31.77846209,95.56562996,93.78793882
333,9,Varied,2,26,30.19392395,31.77846209,95.01379854,93.78793882
334,9,Varied,2,28,29.73672485,31.77846209,93.5750911,93.78793882
335,9,Varied,2,30,29.517519,31.77846209,92.88529732,93.78793882
336,9,Varied,2,32,29.07284546,31.77846209,91.48600513,93.78793882
337,9,Varied,2,34,29.31710243,31.77846209,92.2546294,93.78793882
338,9,Varied,2,36,28.4152317,31.77846209,89.416635779999993,93.78793882
339,9,Varied,2,38,29.02274132,31.77846209,91.32833815,93.78793882
340,9,Varied,2,40,29.27326202,31.77846209,92.11667304,93.78793882
341,10,Fixed,2,2,30.26281548,31.0102005,97.58987361,88.421638
342,10,Fixed,2,4,31.02690125,31.0102005,100.0538556,88.421638
343,10,Fixed,2,6,29.19810677,31.0102005,94.15645915,88.421638
344,10,Fixed,2,8,28.22107887,31.0102005,91.00579299,88.421638
345,10,Fixed,2,10,29.24821091,31.0102005,94.31803224,88.421638
346,10,Fixed,2,12,28.97890091,31.0102005,93.44957608,88.421638
347,10,Fixed,2,14,29.50499344,31.0102005,95.14609052,88.421638
348,10,Fixed,2,16,27.10626411,31.0102005,87.41079928,88.421638
349,10,Fixed,2,18,25.32757187,31.0102005,81.674969720000007,88.421638
350,10,Fixed,2,20,26.73674774,31.0102005,86.21920307,88.421638
351,10,Fixed,2,22,26.85574341,31.0102005,86.60293379,88.421638
352,10,Fixed,2,24,26.1041832,31.0102005,84.17934349,88.421638
353,10,Fixed,2,26,26.12297249,31.0102005,84.23993417,88.421638
354,10,Fixed,2,28,27.07494926,31.0102005,87.30981686,88.421638
355,10,Fixed,2,30,26.53633118,31.0102005,85.57291068,88.421638
356,10,Fixed,2,32,26.28581047,31.0102005,84.7650452,88.421638
357,10,Fixed,2,34,26.2920742,31.0102005,84.78524414,88.421638
358,10,Fixed,2,36,25.30252075,31.0102005,81.59418625,88.421638
359,10,Fixed,2,38,25.75345612,31.0102005,83.04833797,88.421638
360,10,Fixed,2,40,26.45491219,31.0102005,85.31035517,88.421638
361,10,Varied,1,2,34.21476746,35.928744,95.22951166,83.53457134
362,10,Varied,1,4,30.38807678,35.928744,84.57873391,83.53457134
363,10,Varied,1,6,32.0602951,35.928744,89.23299714,83.53457134
364,10,Varied,1,8,31.7033062,35.928744,88.23939462,83.53457134
365,10,Varied,1,10,30.7450676,35.928744,85.57234174,83.53457134
366,10,Varied,1,12,29.66156769,35.928744,82.55665071,83.53457134
367,10,Varied,1,14,29.4548893,35.928744,81.98140547,83.53457134
368,10,Varied,1,16,29.83693123,35.928744,83.04473775,83.53457134
369,10,Varied,1,18,30.62607002,35.928744,85.24113736,83.53457134
370,10,Varied,1,20,30.60101891,35.928744,85.17141291,83.53457134
371,10,Varied,1,22,29.63651657,35.928744,82.48692627,83.53457134
372,10,Varied,1,24,30.90790558,35.928744,86.02556655,83.53457134
373,10,Varied,1,26,29.36094475,35.928744,81.71993084,83.53457134
374,10,Varied,1,28,29.89956284,35.928744,83.21905947,83.53457134
375,10,Varied,1,30,26.96847725,35.928744,75.06100756,83.53457134
376,10,Varied,1,32,28.6219101,35.928744,79.66298543,83.53457134
377,10,Varied,1,34,29.13547516,35.928744,81.0923843,83.53457134
378,10,Varied,1,36,27.02484512,35.928744,75.21789552,83.53457134
379,10,Varied,1,38,29.36720657,35.928744,81.7373593,83.53457134
380,10,Varied,1,40,30.04361153,35.928744,83.6199883,83.53457134
381,11,Fixed,1,2,24.58853722,24.16682943,101.744986,85.13173705
382,11,Fixed,1,4,25.30252075,24.16682943,104.6993807,85.13173705
383,11,Fixed,1,6,23.23572922,24.16682943,96.14719749,85.13173705
384,11,Fixed,1,8,20.44869423,24.16682943,84.61471659,85.13173705
385,11,Fixed,1,10,20.95599747,24.16682943,86.71388827,85.13173705
386,11,Fixed,1,12,20.52385139,24.16682943,84.92570967,85.13173705
387,11,Fixed,1,14,18.01238823,24.16682943,74.53351828,85.13173705
388,11,Fixed,1,16,19.92886543,24.16682943,82.46371537,85.13173705
389,11,Fixed,1,18,22.03323364,24.16682943,91.17138725,85.13173705
390,11,Fixed,1,20,19.14599037,24.16682943,79.22425418,85.13173705
391,11,Fixed,1,22,19.54055977,24.16682943,80.85694413,85.13173705
392,11,Fixed,1,24,22.89126587,24.16682943,94.72184152,85.13173705
393,11,Fixed,1,26,20.24201584,24.16682943,83.75950143,85.13173705
394,11,Fixed,1,28,19.5468235,24.16682943,80.88286285,85.13173705
395,11,Fixed,1,30,19.32761765,24.16682943,79.97581025,85.13173705
396,11,Fixed,1,32,18.94557571,24.16682943,78.39495773,85.13173705
397,11,Fixed,1,34,17.38608742,24.16682943,71.94194617,85.13173705
398,11,Fixed,1,36,19.40277481,24.16682943,80.28680332,85.13173705
399,11,Fixed,1,38,21.99565506,24.16682943,91.01589071,85.13173705
400,11,Fixed,1,40,18.01865005,24.16682943,74.55942911,85.13173705
401,11,Varied,2,2,17.06667519,19.97270711,85.44998477,91.0912509
402,11,Varied,2,4,19.72218704,19.97270711,98.74568796,91.0912509
403,11,Varied,2,6,19.67834663,19.97270711,98.52618637,91.0912509
404,11,Varied,2,8,20.45495796,19.97270711,102.4145492,91.0912509
405,11,Varied,2,10,18.87668228,19.97270711,94.5123872,91.0912509
406,11,Varied,2,12,16.94767761,19.97270711,84.85418385,91.0912509
407,11,Varied,2,14,20.09796715,19.97270711,100.627156,91.0912509
408,11,Varied,2,16,16.48421669,19.97270711,82.53371262,91.0912509
409,11,Varied,2,18,19.85997391,19.97270711,99.43556372,91.0912509
410,11,Varied,2,20,18.16896248,19.97270711,90.96895266,91.0912509
411,11,Varied,2,22,16.1961174,19.97270711,81.09124772,91.0912509
412,11,Varied,2,24,18.60111046,19.97270711,93.13264523,91.0912509
413,11,Varied,2,26,16.85373306,19.97270711,84.38381922,91.0912509
414,11,Varied,2,28,17.66792297,19.97270711,88.46033176,91.0912509
415,11,Varied,2,30,19.01446724,19.97270711,95.20225342,91.0912509
416,11,Varied,2,32,17.367298129999998,19.97270711,86.95515349,91.0912509
417,11,Varied,2,34,20.04786301,19.97270711,100.376293,91.0912509
418,11,Varied,2,36,17.48003387,19.97270711,87.51960251,91.0912509
419,11,Varied,2,38,17.19819832,19.97270711,86.10849907,91.0912509
420,11,Varied,2,40,16.08338356,19.97270711,80.52680826,91.0912509
421,12,Fixed,2,2,27.54467392,28.74299431,95.83091318,83.8193647
422,12,Fixed,2,4,25.87871552,28.74299431,90.03486289,83.8193647
423,12,Fixed,2,6,25.37141228,28.74299431,88.26989981,83.8193647
424,12,Fixed,2,8,25.20231247,28.74299431,87.6815832,83.8193647
425,12,Fixed,2,10,25.15220833,28.74299431,87.50726545,83.8193647
426,12,Fixed,2,12,23.91213417,28.74299431,83.19291273,83.8193647
427,12,Fixed,2,14,23.71171761,28.74299431,82.49564172,83.8193647
428,12,Fixed,2,16,25.23988914,28.74299431,87.81231654,83.8193647
429,12,Fixed,2,18,24.92674065,28.74299431,86.72283889,83.8193647
430,12,Fixed,2,20,21.76392555,28.74299431,75.71906155,83.8193647
431,12,Fixed,2,22,23.9183979,28.74299431,83.21470494,83.8193647
432,12,Fixed,2,24,23.98728943,28.74299431,83.45438604,83.8193647
433,12,Fixed,2,26,24.23781013,28.74299431,84.32597479,83.8193647
434,12,Fixed,2,28,23.22946739,28.74299431,80.81784084,83.8193647
435,12,Fixed,2,30,24.08749771,28.74299431,83.80302154,83.8193647
436,12,Fixed,2,32,21.97060394,28.74299431,76.43811813,83.8193647
437,12,Fixed,2,34,21.80776596,28.74299431,75.8715871,83.8193647
438,12,Fixed,2,36,23.68040276,28.74299431,82.38669396,83.8193647
439,12,Fixed,2,38,23.12299538,28.74299431,80.44741313,83.8193647
440,12,Fixed,2,40,23.09794426,28.74299431,80.36025757,83.8193647
441,12,Varied,1,2,27.77640533,30.11250432,92.24209663,82.69238676
442,12,Varied,1,4,27.63861847,30.11250432,91.78452304,82.69238676
443,12,Varied,1,6,25.93508339,30.11250432,86.12728822,82.69238676
444,12,Varied,1,8,26.02276421,30.11250432,86.41846565,82.69238676
445,12,Varied,1,10,24.54469681,30.11250432,81.50998185,82.69238676
446,12,Varied,1,12,27.18768311,30.11250432,90.28702101,82.69238676
447,12,Varied,1,14,26.2482338,30.11250432,87.167223,82.69238676
448,12,Varied,1,16,25.69708824,30.11250432,85.336935,82.69238676
449,12,Varied,1,18,21.64492798,30.11250432,71.88019882,82.69238676
450,12,Varied,1,20,25.50293541,30.11250432,84.69217683,82.69238676
451,12,Varied,1,22,25.0645256,30.11250432,83.23627067,82.69238676
452,12,Varied,1,24,24.55722237,30.11250432,81.55157772,82.69238676
453,12,Varied,1,26,23.38604164,30.11250432,77.66222759,82.69238676
454,12,Varied,1,28,25.57809258,30.11250432,84.94176472,82.69238676
455,12,Varied,1,30,24.73884964,30.11250432,82.15474002,82.69238676
456,12,Varied,1,32,24.81400681,30.11250432,82.40432791,82.69238676
457,12,Varied,1,34,24.47580338,30.11250432,81.28119506,82.69238676
458,12,Varied,1,36,22.79105759,30.11250432,75.68635721,82.69238676
459,12,Varied,1,38,22.6282196,30.11250432,75.14559188,82.69238676
460,12,Varied,1,40,21.78271484,30.11250432,72.33777241,82.69238676
461,13,Fixed,1,2,33.1813736,36.11454646,91.87814011,91.08387589
462,13,Fixed,1,4,34.70954514,36.11454646,96.10959721,91.08387589
463,13,Fixed,1,6,33.45068359,36.11454646,92.6238507,91.08387589
464,13,Fixed,1,8,31.53420448,36.11454646,87.31718262,91.08387589
465,13,Fixed,1,10,32.79933167,36.11454646,90.82027848,91.08387589
466,13,Fixed,1,12,31.00185013,36.11454646,85.84311079,91.08387589
467,13,Fixed,1,14,30.83274841,36.11454646,85.37487366,91.08387589
468,13,Fixed,1,16,33.306633,36.11454646,92.2249793,91.08387589
469,13,Fixed,1,18,32.68659592,36.11454646,90.50811687,91.08387589
470,13,Fixed,1,20,32.64275742,36.11454646,90.3867295,91.08387589
471,13,Fixed,1,22,36.65107727,36.11454646,101.4856363,91.08387589
472,13,Fixed,1,24,35.3671608,36.11454646,97.93051351,91.08387589
473,13,Fixed,1,26,32.67407227,36.11454646,90.47343929,91.08387589
474,13,Fixed,1,28,33.81393814,36.11454646,93.62969069,91.08387589
475,13,Fixed,1,30,34.96632767,36.11454646,96.82061966,91.08387589
476,13,Fixed,1,32,32.2669754,36.11454646,89.34620137,91.08387589
477,13,Fixed,1,34,30.93922043,36.11454646,85.6696912,91.08387589
478,13,Fixed,1,36,32.8055954,36.11454646,90.83762255,91.08387589
479,13,Fixed,1,38,30.51333618,36.11454646,84.49043162,91.08387589
480,13,Fixed,1,40,31.74714661,36.11454646,87.90681241,91.08387589
481,13,Varied,2,2,42.07483292,42.64267858,98.66836305,82.6050141
482,13,Varied,2,4,40.96001816,42.64267858,96.05404614,82.6050141
483,13,Varied,2,6,39.13122559,42.64267858,91.76540239,82.6050141
484,13,Varied,2,8,35.19805908,42.64267858,82.54185772,82.6050141
485,13,Varied,2,10,39.83267975,42.64267858,93.41036041,82.6050141
486,13,Varied,2,12,37.4276886,42.64267858,87.77049155,82.6050141
487,13,Varied,2,14,35.46110535,42.64267858,83.15871922,82.6050141
488,13,Varied,2,16,32.68033218,42.64267858,76.63761582,82.6050141
489,13,Varied,2,18,33.75756836,42.64267858,79.16380838,82.6050141
490,13,Varied,2,20,34.69702148,42.64267858,81.36689026,82.6050141
491,13,Varied,2,22,35.47363281,42.64267858,83.18809698,82.6050141
492,13,Varied,2,24,33.33794785,42.64267858,78.17976956,82.6050141
493,13,Varied,2,26,33.61352158,42.64267858,78.82600882,82.6050141
494,13,Varied,2,28,32.2857666,42.64267858,75.71233252,82.6050141
495,13,Varied,2,30,30.04987335,42.64267858,70.46900981,82.6050141
496,13,Varied,2,32,29.89956284,42.64267858,70.11652136,82.6050141
497,13,Varied,2,34,33.65736389,42.64267858,78.92882205,82.6050141
498,13,Varied,2,36,36.60097122,42.64267858,85.83178272,82.6050141
499,13,Varied,2,38,32.9746933,42.64267858,77.32791278,82.6050141
500,13,Varied,2,40,35.38594818,42.64267858,82.98247052,82.6050141
501,14,Fixed,2,2,29.22315788,25.40690358,115.0205407,102.7728011
502,14,Fixed,2,4,27.98934746,25.40690358,110.1643392,102.7728011
503,14,Fixed,2,6,27.2064724,25.40690358,107.0829915,102.7728011
504,14,Fixed,2,8,27.66367149,25.40690358,108.8824988,102.7728011
505,14,Fixed,2,10,26.3547039,25.40690358,103.7304834,102.7728011
506,14,Fixed,2,12,24.7513752,25.40690358,97.41988084,102.7728011
507,14,Fixed,2,14,27.61982918,25.40690358,108.7099382,102.7728011
508,14,Fixed,2,16,25.74719238,25.40690358,101.3393556,102.7728011
509,14,Fixed,2,18,25.42778015,25.40690358,100.0821689,102.7728011
510,14,Fixed,2,20,25.82234955,25.40690358,101.6351696,102.7728011
511,14,Fixed,2,22,26.26702118,25.40690358,103.3853696,102.7728011
512,14,Fixed,2,24,25.32757187,25.40690358,99.68775528,102.7728011
513,14,Fixed,2,26,25.98518753,25.40690358,102.2760898,102.7728011
514,14,Fixed,2,28,26.44238663,25.40690358,104.0755972,102.7728011
515,14,Fixed,2,30,23.63656235,25.40690358,93.03204646,102.7728011
516,14,Fixed,2,32,25.34009743,25.40690358,99.7370551,102.7728011
517,14,Fixed,2,34,26.47370148,25.40690358,104.1988505,102.7728011
518,14,Fixed,2,36,25.05200005,25.40690358,98.60312164,102.7728011
519,14,Fixed,2,38,23.84950447,25.40690358,93.87017348,102.7728011
520,14,Fixed,2,40,26.04781723,25.40690358,102.5225964,102.7728011
521,14,Varied,1,2,27.31920624,23.41526922,116.6726122,117.814729
522,14,Varied,1,4,28.79727364,23.41526922,122.9850205,117.814729
523,14,Varied,1,6,29.01021576,23.41526922,123.8944361,117.814729
524,14,Varied,1,8,31.17721367,23.41526922,133.149072,117.814729
525,14,Varied,1,10,28.89748192,23.41526922,123.4129817,117.814729
526,14,Varied,1,12,28.04571342,23.41526922,119.7753191,117.814729
527,14,Varied,1,14,28.4152317,23.41526922,121.3534273,117.814729
528,14,Varied,1,16,29.67409325,23.41526922,126.7296693,117.814729
529,14,Varied,1,18,28.49038696,23.41526922,121.6743942,117.814729
530,14,Varied,1,20,28.67201424,23.41526922,122.450073,117.814729
531,14,Varied,1,22,27.95176888,23.41526922,119.3741085,117.814729
532,14,Varied,1,24,28.02692413,23.41526922,119.6950754,117.814729
533,14,Varied,1,26,27.15010452,23.41526922,115.9504265,117.814729
534,14,Varied,1,28,26.02902794,23.41526922,111.1626251,117.814729
535,14,Varied,1,30,23.99355316,23.41526922,102.4696874,117.814729
536,14,Varied,1,32,26.27328491,23.41526922,112.2057776,117.814729
537,14,Varied,1,34,25.92881966,23.41526922,110.7346639,117.814729
538,14,Varied,1,36,26.41107178,23.41526922,112.7942264,117.814729
539,14,Varied,1,38,26.830692290000002,23.41526922,114.5863071,117.814729
540,14,Varied,1,40,24.63864136,23.41526922,105.2246768,117.814729
541,15,Fixed,1,2,26.22318077,25.6678613,102.1634816,85.948354
542,15,Fixed,1,4,23.69919205,25.6678613,92.33021703,85.948354
543,15,Fixed,1,6,23.15431023,25.6678613,90.20739965,85.948354
544,15,Fixed,1,8,22.49669647,25.6678613,87.64538738,85.948354
545,15,Fixed,1,10,21.50087929,25.6678613,83.76576075,85.948354
546,15,Fixed,1,12,22.02697182,25.6678613,85.8153765,85.948354
547,15,Fixed,1,14,21.15641403,25.6678613,82.42375079,85.948354
548,15,Fixed,1,16,22.2524395,25.6678613,86.69378113,85.948354
549,15,Fixed,1,18,22.03323364,25.6678613,85.83977209,85.948354
550,15,Fixed,1,20,21.76392555,25.6678613,84.79056862,85.948354
551,15,Fixed,1,22,20.88710594,25.6678613,81.37454732,85.948354
552,15,Fixed,1,24,23.38604164,25.6678613,91.1102073,85.948354
553,15,Fixed,1,26,21.83908081,25.6678613,85.08336769,85.948354
554,15,Fixed,1,28,21.84534454,25.6678613,85.10777071,85.948354
555,15,Fixed,1,30,21.88292122,25.6678613,85.25416653,85.948354
556,15,Fixed,1,32,20.22322655,25.6678613,78.78812461,85.948354
557,15,Fixed,1,34,21.50714111,25.6678613,83.79015633,85.948354
558,15,Fixed,1,36,21.5259304,25.6678613,83.86335796,85.948354
559,15,Fixed,1,38,20.64284706,25.6678613,80.42293364,85.948354
560,15,Fixed,1,40,21.17520332,25.6678613,82.49695241,85.948354
561,15,Varied,2,2,25.05826378,24.5426089,102.1010598,86.40311549
562,15,Varied,2,4,22.86621284,24.5426089,93.16944641,86.40311549
563,15,Varied,2,6,22.83489799,24.5426089,93.0418526,86.40311549
564,15,Varied,2,8,22.02697182,24.5426089,89.74991986,86.40311549
565,15,Varied,2,10,21.3568306,24.5426089,87.01939833,86.40311549
566,15,Varied,2,12,21.71382141,24.5426089,88.47397399,86.40311549
567,15,Varied,2,14,21.49461555,24.5426089,87.58080954,86.40311549
568,15,Varied,2,16,22.00191879,24.5426089,89.64784015,86.40311549
569,15,Varied,2,18,20.47374725,24.5426089,83.42123423,86.40311549
570,15,Varied,2,20,20.8996315,24.5426089,85.15651937,86.40311549
571,15,Varied,2,22,20.11675644,24.5426089,81.96665857,86.40311549
572,15,Varied,2,24,20.52385139,24.5426089,83.62538588,86.40311549
573,15,Varied,2,26,20.61779594,24.5426089,84.00816731,86.40311549
574,15,Varied,2,28,21.01236534,24.5426089,85.61585865,86.40311549
575,15,Varied,2,30,20.31090927,24.5426089,82.75774331,86.40311549
576,15,Varied,2,32,20.39859009,24.5426089,83.11500287,86.40311549
577,15,Varied,2,34,20.51132584,24.5426089,83.57434991,86.40311549
578,15,Varied,2,36,19.60318947,24.5426089,79.87410609,86.40311549
579,15,Varied,2,38,19.96018028,24.5426089,81.32868175,86.40311549
580,15,Varied,2,40,20.32969856,24.5426089,82.83430115,86.40311549
581,16,Fixed,2,2,25.43404388,25.35471153,100.31289,79.45739057
582,16,Fixed,2,4,23.78687477,25.35471153,93.81638888,79.45739057
583,16,Fixed,2,6,20.68042564,25.35471153,81.56442883,79.45739057
584,16,Fixed,2,8,19.54055977,25.35471153,77.06875207,79.45739057
585,16,Fixed,2,10,18.41321945,25.35471153,72.62247661,79.45739057
586,16,Fixed,2,12,19.90381432,25.35471153,78.50144258,79.45739057
587,16,Fixed,2,14,17.79318237,25.35471153,70.17702548,79.45739057
588,16,Fixed,2,16,20.39232826,25.35471153,80.4281612,79.45739057
589,16,Fixed,2,18,20.26080513,25.35471153,79.90942868,79.45739057
590,16,Fixed,2,20,18.07501793,25.35471153,71.28859623,79.45739057
591,16,Fixed,2,22,19.92260361,25.35471153,78.5755483,79.45739057
592,16,Fixed,2,24,22.00818253,25.35471153,86.80115527,79.45739057
593,16,Fixed,2,26,19.09588623,25.35471153,75.31494178,79.45739057
594,16,Fixed,2,28,19.65955734,25.35471153,77.53808328,79.45739057
595,16,Fixed,2,30,20.41737938,25.35471153,80.52696381,79.45739057
596,16,Fixed,2,32,20.0666523,25.35471153,79.14368212,79.45739057
597,16,Fixed,2,34,19.02699471,25.35471153,75.04323084,79.45739057
598,16,Fixed,2,36,19.25872421,25.35471153,75.95718132,79.45739057
599,16,Fixed,2,38,17.91844368,25.35471153,70.6710611,79.45739057
600,16,Fixed,2,40,21.26914787,25.35471153,83.88637294,79.45739057
601,16,Varied,1,2,26.19186592,27.54258664,95.09588282,76.7850369
602,16,Varied,1,4,24.77016449,27.54258664,89.93405307,76.7850369
603,16,Varied,1,6,23.66161346,27.54258664,85.90919135,76.7850369
604,16,Varied,1,8,23.03531456,27.54258664,83.63526221,76.7850369
605,16,Varied,1,10,22.22112465,27.54258664,80.67914948,76.7850369
606,16,Varied,1,12,21.41319656,27.54258664,77.74577181,76.7850369
607,16,Varied,1,14,19.96018028,27.54258664,72.47024595,76.7850369
608,16,Varied,1,16,20.77437019,27.54258664,75.42635868,76.7850369
609,16,Varied,1,18,21.19399261,27.54258664,76.94989904,76.7850369
610,16,Varied,1,20,21.60108757,27.54258664,78.4279554,76.7850369
611,16,Varied,1,22,21.4194603,27.54258664,77.7685138,76.7850369
612,16,Varied,1,24,20.8370018,27.54258664,75.65375783,76.7850369
613,16,Varied,1,26,20.68042564,27.54258664,75.08527035,76.7850369
614,16,Varied,1,28,18.62616158,27.54258664,67.62676947,76.7850369
615,16,Varied,1,30,20.69921494,27.54258664,75.1534894,76.7850369
616,16,Varied,1,32,19.35267067,27.54258664,70.26453586,76.7850369
617,16,Varied,1,34,18.91426086,27.54258664,68.67278338,76.7850369
618,16,Varied,1,36,18.68879128,27.54258664,67.85416169,76.7850369
619,16,Varied,1,38,19.64703178,27.54258664,71.33328484,76.7850369
620,16,Varied,1,40,19.28377724,27.54258664,70.01440165,76.7850369
621,17,Fixed,1,2,18.92052269,18.06457965,104.7382395,88.59066225
622,17,Fixed,1,4,20.09796715,18.06457965,111.2562127,88.59066225
623,17,Fixed,1,6,18.3192749,18.06457965,101.4099152,88.59066225
624,17,Fixed,1,8,18.08128166,18.06457965,100.0924573,88.59066225
625,17,Fixed,1,10,19.22114754,18.06457965,106.4024069,88.59066225
626,17,Fixed,1,12,18.67000389,18.06457965,103.3514439,88.59066225
627,17,Fixed,1,14,17.16688347,18.06457965,95.03062792,88.59066225
628,17,Fixed,1,16,12.32558441,18.06457965,68.2306738,88.59066225
629,17,Fixed,1,18,18.72010612,18.06457965,103.6287945,88.59066225
630,17,Fixed,1,20,17.76186752,18.06457965,98.32427807,88.59066225
631,17,Fixed,1,22,16.47168922,18.06457965,91.18224474,88.59066225
632,17,Fixed,1,24,14.05417156,18.06457965,77.79960474,88.59066225
633,17,Fixed,1,26,14.80573177,18.06457965,81.96001271,88.59066225
634,17,Fixed,1,28,13.59697342,18.06457965,75.26869535,88.59066225
635,17,Fixed,1,30,13.17735195,18.06457965,72.94579896,88.59066225
636,17,Fixed,1,32,13.85375595,18.06457965,76.69016508,88.59066225
637,17,Fixed,1,34,13.40281963,18.06457965,74.19391924,88.59066225
638,17,Fixed,1,36,13.7598114,18.06457965,76.17011672,88.59066225
639,17,Fixed,1,38,14.01659393,18.06457965,77.59158645,88.59066225
640,17,Fixed,1,40,13.64707661,18.06457965,75.5460513,88.59066225
641,17,Varied,2,2,16.13975143,15.51971404,103.9951599,94.02945976
642,17,Varied,2,4,15.20656395,15.51971404,97.98224318,94.02945976
643,17,Varied,2,6,13.99154186,15.51971404,90.15334837,94.02945976
644,17,Varied,2,8,14.09175014,15.51971404,90.79903219,94.02945976
645,17,Varied,2,10,13.65960312,15.51971404,88.0145284,94.02945976
646,17,Varied,2,12,13.34645271,15.51971404,85.99676953,94.02945976
647,17,Varied,2,14,13.63455105,15.51971404,87.85310744,94.02945976
648,17,Varied,2,16,14.6554203,15.51971404,94.43099446,94.02945976
649,17,Varied,2,18,14.32974434,15.51971404,92.33252819,94.02945976
650,17,Varied,2,20,13.53434277,15.51971404,87.20742362,94.02945976
651,17,Varied,2,22,14.17316914,15.51971404,91.32364876,94.02945976
652,17,Varied,2,24,15.11888218,15.51971404,97.41727291,94.02945976
653,17,Varied,2,26,15.65750027,15.51971404,100.8878142,94.02945976
654,17,Varied,2,28,16.33390427,15.51971404,105.2461677,94.02945976
655,17,Varied,2,30,15.97064972,15.51971404,102.9055669,94.02945976
656,17,Varied,2,32,16.077121730000002,15.51971404,103.5916106,94.02945976
657,17,Varied,2,34,14.66794586,15.51971404,94.51170187,94.02945976
658,17,Varied,2,36,15.06877804,15.51971404,97.094431,94.02945976
659,17,Varied,2,38,13.20240402,15.51971404,85.06860365,94.02945976
660,17,Varied,2,40,13.00198841,15.51971404,83.77724215,94.02945976
661,18,Fixed,2,2,23.42362022,22.56558927,103.8023867,96.81931641
662,18,Fixed,2,4,21.77645111,22.56558927,96.50291358,96.81931641
663,18,Fixed,2,6,22.8161087,22.56558927,101.1101834,96.81931641
664,18,Fixed,2,8,22.64074516,22.56558927,100.3330553,96.81931641
665,18,Fixed,2,10,21.0248909,22.56558927,93.17235481,96.81931641
666,18,Fixed,2,12,22.55932617,22.56558927,99.97224492,96.81931641
667,18,Fixed,2,14,22.27122879,22.56558927,98.69553383,96.81931641
668,18,Fixed,2,16,22.4403286,22.56558927,99.44490406,96.81931641
669,18,Fixed,2,18,21.98939323,22.56558927,97.44657218,96.81931641
670,18,Fixed,2,20,22.26496506,22.56558927,98.66777593,96.81931641
671,18,Fixed,2,22,21.4633007,22.56558927,95.11517935,96.81931641
672,18,Fixed,2,24,21.07499504,22.56558927,93.39439263,96.81931641
673,18,Fixed,2,26,21.21278191,22.56558927,94.00499873,96.81931641
674,18,Fixed,2,28,22.00818253,22.56558927,97.52983741,96.81931641
675,18,Fixed,2,30,21.5447197,22.56558927,95.47598974,96.81931641
676,18,Fixed,2,32,20.73052979,22.56558927,91.86788582,96.81931641
677,18,Fixed,2,34,21.57603455,22.56558927,95.61476232,96.81931641
678,18,Fixed,2,36,21.25035858,22.56558927,94.17152075,96.81931641
679,18,Fixed,2,38,21.59482384,22.56558927,95.69802756,96.81931641
680,18,Fixed,2,40,21.2942009,22.56558927,94.36580912,96.81931641
681,18,Varied,1,2,25.35262489,16.06668282,157.7962619,139.1826903
682,18,Varied,1,4,24.98310661,16.06668282,155.4963579,139.1826903
683,18,Varied,1,6,24.71379852,16.06668282,153.8201681,139.1826903
684,18,Varied,1,8,23.96850014,16.06668282,149.1813862,139.1826903
685,18,Varied,1,10,23.04157639,16.06668282,143.412157,139.1826903
686,18,Varied,1,12,21.9831295,16.06668282,136.82432,139.1826903
687,18,Varied,1,14,21.31925201,16.06668282,132.6923066,139.1826903
688,18,Varied,1,16,20.59900665,16.06668282,128.2094561,139.1826903
689,18,Varied,1,18,22.60943031,16.06668282,140.7224539,139.1826903
690,18,Varied,1,20,22.37143517,16.06668282,139.2411578,139.1826903
691,18,Varied,1,22,21.92676353,16.06668282,136.4734948,139.1826903
692,18,Varied,1,24,21.88918495,16.06668282,136.2396034,139.1826903
693,18,Varied,1,26,22.57185173,16.06668282,140.4885625,139.1826903
694,18,Varied,1,28,21.88918495,16.06668282,136.2396034,139.1826903
695,18,Varied,1,30,20.16686058,16.06668282,125.519753,139.1826903
696,18,Varied,1,32,21.0875206,16.06668282,131.2499963,139.1826903
697,18,Varied,1,34,21.23156929,16.06668282,132.146564,139.1826903
698,18,Varied,1,36,21.69503212,16.06668282,135.0311845,139.1826903
699,18,Varied,1,38,20.87457848,16.06668282,129.9246317,139.1826903
700,18,Varied,1,40,22.96642113,16.06668282,142.9443862,139.1826903
701,19,Fixed,1,2,13.63455105,16.06668282,84.86226563,96.20387035
702,19,Fixed,1,4,13.59697342,16.06668282,84.6283802,96.20387035
703,19,Fixed,1,6,16.5906868,16.06668282,103.2614323,96.20387035
704,19,Fixed,1,8,16.03954315,16.06668282,99.8310811,96.20387035
705,19,Fixed,1,10,16.01449013,16.06668282,99.67514957,96.20387035
706,19,Fixed,1,12,15.66376305,16.06668282,97.49220313,96.20387035
707,19,Fixed,1,14,13.24624538,16.06668282,82.44542782,96.20387035
708,19,Fixed,1,16,16.37774467,16.06668282,101.9360677,96.20387035
709,19,Fixed,1,18,14.17943192,16.06668282,88.25363691,96.20387035
710,19,Fixed,1,20,16.05833244,16.06668282,99.94802678,96.20387035
711,19,Fixed,1,22,15.68255234,16.06668282,97.60914881,96.20387035
712,19,Fixed,1,24,16.66584206,16.06668282,103.7292031,96.20387035
713,19,Fixed,1,26,14.98735905,16.06668282,93.28222396,96.20387035
714,19,Fixed,1,28,16.06459427,16.06668282,99.98700076,96.20387035
715,19,Fixed,1,30,15.92680931,16.06668282,99.1294189,96.20387035
716,19,Fixed,1,32,16.47168922,16.06668282,102.5207842,96.20387035
717,19,Fixed,1,34,16.22743225,16.06668282,101.0005142,96.20387035
718,19,Fixed,1,36,15.04372597,16.06668282,93.63305506,96.20387035
719,19,Fixed,1,38,13.89759731,16.06668282,86.4994814,96.20387035
720,19,Fixed,1,40,16.76605034,16.06668282,104.3529055,96.20387035
721,19,Varied,2,2,18.70758057,18.10215759,103.3444796,91.41679198
722,19,Varied,2,4,17.64913368,18.10215759,97.49740379,91.41679198
723,19,Varied,2,6,19.32135582,18.10215759,106.735099,91.41679198
724,19,Varied,2,8,18.15643692,18.10215759,100.29985,91.41679198
725,19,Varied,2,10,17.17314529,18.10215759,94.86794713,91.41679198
726,19,Varied,2,12,16.29632568,18.10215759,90.02421728,91.41679198
727,19,Varied,2,14,16.5906868,18.10215759,91.65032794,91.41679198
728,19,Varied,2,16,16.02075386,18.10215759,88.50190249,91.41679198
729,19,Varied,2,18,15.67002583,18.10215759,86.56440949,91.41679198
730,19,Varied,2,20,17.54266357,18.10215759,96.90924126,91.41679198
731,19,Varied,2,22,16.44663811,18.10215759,90.85457368,91.41679198
732,19,Varied,2,24,14.52389717,18.10215759,80.23296172,91.41679198
733,19,Varied,2,26,15.57608128,18.10215759,86.04544069,91.41679198
734,19,Varied,2,28,15.77023411,18.10215759,87.11798042,91.41679198
735,19,Varied,2,30,16.8412075,18.10215759,93.03425527,91.41679198
736,19,Varied,2,32,16.12722588,18.10215759,89.09007555,91.41679198
737,19,Varied,2,34,15.50718784,18.10215759,85.66485936,91.41679198
738,19,Varied,2,36,16.52179337,18.10215759,91.26974661,91.41679198
739,19,Varied,2,38,14.69299793,18.10215759,81.16710871,91.41679198
740,19,Varied,2,40,15.83286381,18.10215759,87.46395962,91.41679198
741,20,Fixed,2,2,24.81400681,26.39436976,94.01249975,84.9956495
742,20,Fixed,2,4,23.30462265,26.39436976,88.29391594,84.9956495
743,20,Fixed,2,6,24.26912498,26.39436976,91.94811319,84.9956495
744,20,Fixed,2,8,24.51338196,26.39436976,92.87352636,84.9956495
745,20,Fixed,2,10,22.74721527,26.39436976,86.18207397,84.9956495
746,20,Fixed,2,12,23.00399971,26.39436976,87.15494978,84.9956495
747,20,Fixed,2,14,21.53219414,26.39436976,81.57873945,84.9956495
748,20,Fixed,2,16,23.01026154,26.39436976,87.17867388,84.9956495
749,20,Fixed,2,18,23.59898376,26.39436976,89.40915801,84.9956495
750,20,Fixed,2,20,22.2524395,26.39436976,84.30752354,84.9956495
751,20,Fixed,2,22,23.26704407,26.39436976,88.15154246,84.9956495
752,20,Fixed,2,24,21.63240242,26.39436976,81.95839725,84.9956495
753,20,Fixed,2,26,22.74721527,26.39436976,86.18207397,84.9956495
754,20,Fixed,2,28,21.04994392,26.39436976,79.75164444,84.9956495
755,20,Fixed,2,30,21.11883545,26.39436976,80.01265285,84.9956495
756,20,Fixed,2,32,20.75558281,26.39436976,78.63640237,84.9956495
757,20,Fixed,2,34,22.51548576,26.39436976,85.30412344,84.9956495
758,20,Fixed,2,36,20.61153221,26.39436976,78.09063978,84.9956495
759,20,Fixed,2,38,21.10630989,26.39436976,79.96519743,84.9956495
760,20,Fixed,2,40,20.83073807,26.39436976,78.92114211,84.9956495
761,20,Varied,1,2,23.45493507,24.57183647,95.45454651,87.16822512
762,20,Varied,1,4,23.65535164,24.57183647,96.27018178,87.16822512
763,20,Varied,1,6,22.91631699,24.57183647,93.26253254,87.16822512
764,20,Varied,1,8,21.51340485,24.57183647,87.55310117,87.16822512
765,20,Varied,1,10,21.8578701,24.57183647,88.95497138,87.16822512
766,20,Varied,1,12,22.97894669,24.57183647,93.51741663,87.16822512
767,20,Varied,1,14,22.27122879,24.57183647,90.63721719,87.16822512
768,20,Varied,1,16,21.28793716,24.57183647,86.63551538,87.16822512
769,20,Varied,1,18,20.30464554,24.57183647,82.63381356,87.16822512
770,20,Varied,1,20,22.7722683,24.57183647,92.6762976,87.16822512
771,20,Varied,1,22,23.63656235,24.57183647,96.19371501,87.16822512
772,20,Varied,1,24,21.86413383,24.57183647,88.9804629,87.16822512
773,20,Varied,1,26,21.9204998,24.57183647,89.20985547,87.16822512
774,20,Varied,1,28,21.0875206,24.57183647,85.8198801,87.16822512
775,20,Varied,1,30,20.97478676,24.57183647,85.36108721,87.16822512
776,20,Varied,1,32,21.21904373,24.57183647,86.35513978,87.16822512
777,20,Varied,1,34,19.88502502,24.57183647,80.926084,87.16822512
778,20,Varied,1,36,19.70339775,24.57183647,80.18691551,87.16822512
779,20,Varied,1,38,17.41114044,24.57183647,70.85811621,87.16822512
780,20,Varied,1,40,17.66165924,24.57183647,71.87765254,87.16822512
781,21,Fixed,1,2,22.96642113,23.55514272,97.50066641,87.72135164
782,21,Fixed,1,4,22.3150692,23.55514272,94.73544467,87.72135164
783,21,Fixed,1,6,20.64284706,23.55514272,87.636264,87.72135164
784,21,Fixed,1,8,21.45077515,23.55514272,91.0662075,87.72135164
785,21,Fixed,1,10,18.82031441,23.55514272,79.89896147,87.72135164
786,21,Fixed,1,12,21.97686768,23.55514272,93.29965832,87.72135164
787,21,Fixed,1,14,22.34638405,23.55514272,94.8683874,87.72135164
788,21,Fixed,1,16,21.16267776,23.55514272,89.84313114,87.72135164
789,21,Fixed,1,18,21.04994392,23.55514272,89.36453569,87.72135164
790,21,Fixed,1,20,19.196094510000002,23.55514272,81.49428233,87.72135164
791,21,Fixed,1,22,19.06457138,23.55514272,80.93591963,87.72135164
792,21,Fixed,1,24,19.05830956,23.55514272,80.90933594,87.72135164
793,21,Fixed,1,26,19.7973423,23.55514272,84.04679409,87.72135164
794,21,Fixed,1,28,21.18146515,23.55514272,89.9228903,87.72135164
795,21,Fixed,1,30,20.17938614,23.55514272,85.66870674,87.72135164
796,21,Fixed,1,32,19.00194168,23.55514272,80.67003417,87.72135164
797,21,Fixed,1,34,20.58648109,23.55514272,87.39697033,87.72135164
798,21,Fixed,1,36,21.14388847,23.55514272,89.76336388,87.72135164
799,21,Fixed,1,38,20.84952736,23.55514272,88.51369574,87.72135164
800,21,Fixed,1,40,20.46748352,23.55514272,86.8917831,87.72135164
801,21,Varied,2,2,24.90168762,25.21901385,98.74171833,90.72764679
802,21,Varied,2,4,23.65535164,25.21901385,93.79966949,90.72764679
803,21,Varied,2,6,24.98310661,25.21901385,99.06456597,90.72764679
804,21,Varied,2,8,24.25033569,25.21901385,96.15893721,90.72764679
805,21,Varied,2,10,24.26912498,25.21901385,96.23344168,90.72764679
806,21,Varied,2,12,24.64490509,25.21901385,97.72350829,90.72764679
807,21,Varied,2,14,24.01860428,25.21901385,95.24006141,90.72764679
808,21,Varied,2,16,23.1480484,25.21901385,91.78807918,90.72764679
809,21,Varied,2,18,20.86205292,25.21901385,82.72350791,90.72764679
810,21,Varied,2,20,20.59274483,25.21901385,81.65563075,90.72764679
811,21,Varied,2,22,21.9831295,25.21901385,87.16887041,90.72764679
812,21,Varied,2,24,22.20233536,25.21901385,88.03807909,90.72764679
813,21,Varied,2,26,22.65327072,25.21901385,89.826156,90.72764679
814,21,Varied,2,28,21.23156929,25.21901385,84.18873718,90.72764679
815,21,Varied,2,30,22.29627991,25.21901385,88.41059385,90.72764679
816,21,Varied,2,32,22.49669647,25.21901385,89.20529806,90.72764679
817,21,Varied,2,34,20.28585625,25.21901385,80.43873709,90.72764679
818,21,Varied,2,36,23.93092346,25.21901385,94.89238399,90.72764679
819,21,Varied,2,38,23.12925911,25.21901385,91.71357471,90.72764679
820,21,Varied,2,40,22.07707405,25.21901385,87.54138517,90.72764679
821,22,Fixed,2,2,19.6720829,19.92260297,98.74253344,100.227915
822,22,Fixed,2,4,20.68668938,19.92260297,103.835274,100.227915
823,22,Fixed,2,6,19.69713593,19.92260297,98.8682852,100.227915
824,22,Fixed,2,8,21.35056686,19.92260297,107.1675568,100.227915
825,22,Fixed,2,10,21.25662231,19.92260297,106.6960093,100.227915
826,22,Fixed,2,12,18.88920784,19.92260297,94.81295123,100.227915
827,22,Fixed,2,14,19.13346481,19.92260297,96.03898065,100.227915
828,22,Fixed,2,16,19.68460846,19.92260297,98.80540453,100.227915
829,22,Fixed,2,18,19.47166634,19.92260297,97.73655764,100.227915
830,22,Fixed,2,20,20.6929512,19.92260297,103.8667047,100.227915
831,22,Fixed,2,22,21.36309242,19.92260297,107.2304279,100.227915
832,22,Fixed,2,24,19.82865715,19.92260297,99.52844605,100.227915
833,22,Fixed,2,26,19.81613159,19.92260297,99.46557496,100.227915
834,22,Fixed,2,28,20.04159927,19.92260297,100.5972929,100.227915
835,22,Fixed,2,30,19.51550865,19.92260297,97.95662083,100.227915
836,22,Fixed,2,32,20.15433311,19.92260297,101.1631519,100.227915
837,22,Fixed,2,34,19.49045563,19.92260297,97.83086907,100.227915
838,22,Fixed,2,36,19.31509209,19.92260297,96.95064503,100.227915
839,22,Fixed,2,38,19.69087219,19.92260297,98.83684487,100.227915
840,22,Fixed,2,40,19.6094532,19.92260297,98.42816839,100.227915
841,22,Varied,1,2,18.67000389,20.30047035,91.96833161,87.56736073
842,22,Varied,1,4,18.04370308,20.30047035,88.88317742,87.56736073
843,22,Varied,1,6,18.10007095,20.30047035,89.16084524,87.56736073
844,22,Varied,1,8,18.30048561,20.30047035,90.14808669,87.56736073
845,22,Varied,1,10,17.91217995,20.30047035,88.23529522,87.56736073
846,22,Varied,1,12,18.47584915,20.30047035,91.01192648,87.56736073
847,22,Varied,1,14,18.30674934,20.30047035,90.1789418,87.56736073
848,22,Varied,1,16,18.98315239,20.30047035,93.51089931,87.56736073
849,22,Varied,1,18,17.367298129999998,20.30047035,85.55121051,87.56736073
850,22,Varied,1,20,18.09380722,20.30047035,89.12999013,87.56736073
851,22,Varied,1,22,19.15851784,20.30047035,94.37474849,87.56736073
852,22,Varied,1,24,18.07501793,20.30047035,89.03743419,87.56736073
853,22,Varied,1,26,17.83702469,20.30047035,87.86508085,87.56736073
854,22,Varied,1,28,17.58024025,20.30047035,86.60016219,87.56736073
855,22,Varied,1,30,17.68044853,20.30047035,87.09378761,87.56736073
856,22,Varied,1,32,16.45290184,20.30047035,81.04689968,87.56736073
857,22,Varied,1,34,15.41324329,20.30047035,75.92554767,87.56736073
858,22,Varied,1,36,16.52179337,20.30047035,81.38625893,87.56736073
859,22,Varied,1,38,17.40487671,20.30047035,85.7363224,87.56736073
860,22,Varied,1,40,17.15435791,20.30047035,84.50226824,87.56736073
861,23,Fixed,1,2,24.33175468,26.46535047,91.93815405,81.72674937
862,23,Fixed,1,4,19.55934906,26.46535047,73.90549799,81.72674937
863,23,Fixed,1,6,23.20441437,26.46535047,87.67846999,81.72674937
864,23,Fixed,1,8,20.04786301,26.46535047,75.75136037,81.72674937
865,23,Fixed,1,10,21.23156929,26.46535047,80.22402467,81.72674937
866,23,Fixed,1,12,19.89128876,26.46535047,75.15974058,81.72674937
867,23,Fixed,1,14,20.94973564,26.46535047,79.15910906,81.72674937
868,23,Fixed,1,16,22.59690475,26.46535047,85.38297946,81.72674937
869,23,Fixed,1,18,23.04784012,26.46535047,87.0868502,81.72674937
870,23,Fixed,1,20,24.35054398,26.46535047,92.00914987,81.72674937
871,23,Fixed,1,22,22.80358315,26.46535047,86.16391902,81.72674937
872,23,Fixed,1,24,21.39440727,26.46535047,80.83931213,81.72674937
873,23,Fixed,1,26,22.42153931,26.46535047,84.72035665,81.72674937
874,23,Fixed,1,28,19.67834663,26.46535047,74.35513335,81.72674937
875,23,Fixed,1,30,22.02697182,26.46535047,83.22947336,81.72674937
876,23,Fixed,1,32,17.72429085,26.46535047,66.97168386,81.72674937
877,23,Fixed,1,34,21.03115463,26.46535047,79.46675279,81.72674937
878,23,Fixed,1,36,22.38396263,26.46535047,84.57837223,81.72674937
879,23,Fixed,1,38,22.80358315,26.46535047,86.16391902,81.72674937
880,23,Fixed,1,40,21.10630989,26.46535047,79.75072885,81.72674937
881,23,Varied,2,2,27.87661362,30.44235547,91.57180245,74.27581966
882,23,Varied,2,4,24.72632408,30.44235547,81.22342603,74.27581966
883,23,Varied,2,6,25.56556511,30.44235547,83.98024631,74.27581966
884,23,Varied,2,8,23.72424316,30.44235547,77.93169351,74.27581966
885,23,Varied,2,10,24.58227539,30.44235547,80.75024093,74.27581966
886,23,Varied,2,12,24.23781013,30.44235547,79.61870807,74.27581966
887,23,Varied,2,14,25.88497925,30.44235547,85.02948883,74.27581966
888,23,Varied,2,16,21.22530746,30.44235547,69.7229473,74.27581966
889,23,Varied,2,18,21.55724525,30.44235547,70.81332873,74.27581966
890,23,Varied,2,20,22.57811546,30.44235547,74.16678214,74.27581966
891,23,Varied,2,22,26.08539581,30.44235547,85.68783659,74.27581966
892,23,Varied,2,24,22.96642113,30.44235547,75.44232623,74.27581966
893,23,Varied,2,26,19.22114754,30.44235547,63.13948851,74.27581966
894,23,Varied,2,28,22.65953445,30.44235547,74.43423514,74.27581966
895,23,Varied,2,30,19.29003906,30.44235547,63.36579007,74.27581966
896,23,Varied,2,32,18.50716591,30.44235547,60.79413245,74.27581966
897,23,Varied,2,34,18.85162926,30.44235547,61.92565905,74.27581966
898,23,Varied,2,36,20.10423088,30.44235547,66.04032628,74.27581966
899,23,Varied,2,38,18.41948318,30.44235547,60.50610374,74.27581966
900,23,Varied,2,40,24.16265488,30.44235547,79.3718308,74.27581966
901,24,Fixed,2,2,23.37693168,25.85728185,90.40753709,85.40678922
902,24,Fixed,2,4,22.96923358,25.85728185,88.83081257,85.40678922
903,24,Fixed,2,6,22.81829374,25.85728185,88.24707048,85.40678922
904,24,Fixed,2,8,16.91539146,25.85728185,65.41828936,85.40678922
905,24,Fixed,2,10,24.61218581,25.85728185,95.18473731,85.40678922
906,24,Fixed,2,12,23.59817736,25.85728185,91.26317875,85.40678922
907,24,Fixed,2,14,21.87461547,25.85728185,84.59750564,85.40678922
908,24,Fixed,2,16,20.46366737,25.85728185,79.14082959,85.40678922
909,24,Fixed,2,18,23.05859167,25.85728185,89.1763945,85.40678922
910,24,Fixed,2,20,24.00393793,25.85728185,92.83241008,85.40678922
911,24,Fixed,2,22,21.85567512,25.85728185,84.52425604,85.40678922
912,24,Fixed,2,24,22.44706905,25.85728185,86.81140259,85.40678922
913,24,Fixed,2,26,20.70547867,25.85728185,80.07600639,85.40678922
914,24,Fixed,2,28,21.97589989,25.85728185,84.98921122,85.40678922
915,24,Fixed,2,30,20.94973564,25.85728185,81.02064154,85.40678922
916,24,Fixed,2,32,21.61836493,25.85728185,83.60648675,85.40678922
917,24,Fixed,2,34,22.67546183,25.85728185,87.69468487,85.40678922
918,24,Fixed,2,36,21.73112452,25.85728185,84.04257125,85.40678922
919,24,Fixed,2,38,21.55098343,25.85728185,83.34589673,85.40678922
920,24,Fixed,2,40,22.47666507,25.85728185,86.92586173,85.40678922
921,24,Varied,1,2,27.0250071,26.4955833,101.9981587,90.69123437
922,24,Varied,1,4,26.42985916,26.4955833,99.75194302,90.69123437
923,24,Varied,1,6,27.21273422,26.4955833,102.706681,90.69123437
924,24,Varied,1,8,24.46728554,26.4955833,92.34477031,90.69123437
925,24,Varied,1,10,25.32762451,26.4955833,95.59187361,90.69123437
926,24,Varied,1,12,24.27647195,26.4955833,91.624599,90.69123437
927,24,Varied,1,14,23.64553989,26.4955833,89.24332641,90.69123437
928,24,Varied,1,16,22.24554518,26.4955833,83.95944684,90.69123437
929,24,Varied,1,18,22.6699911,26.4955833,85.56139656,90.69123437
930,24,Varied,1,20,22.37106141,26.4955833,84.43317193,90.69123437
931,24,Varied,1,22,23.61832872,26.4955833,89.14062563,90.69123437
932,24,Varied,1,24,23.33993787,26.4955833,88.08991898,90.69123437
933,24,Varied,1,26,23.25719491,26.4955833,87.77762936,90.69123437
934,24,Varied,1,28,22.71694073,26.4955833,85.7385945,90.69123437
935,24,Varied,1,30,24.55762999,26.4955833,92.68574959,90.69123437
936,24,Varied,1,32,22.17461425,26.4955833,83.69173834,90.69123437
937,24,Varied,1,34,23.96015019,26.4955833,90.43073298,90.69123437
938,24,Varied,1,36,24.55943318,26.4955833,92.69255518,90.69123437
939,24,Varied,1,38,22.20676235,26.4955833,83.81307216,90.69123437
940,24,Varied,1,40,24.52131881,26.4955833,92.54870343,90.69123437
941,25,Fixed,1,2,17.34842861,17.0823675,101.557519,94.98132155
942,25,Fixed,1,4,17.16061974,17.0823675,100.4580878,94.98132155
943,25,Fixed,1,6,15.58932959,17.0823675,91.25977177,94.98132155
944,25,Fixed,1,8,17.5176115,17.0823675,102.5479138,94.98132155
945,25,Fixed,1,10,14.53631721,17.0823675,85.09544834,94.98132155
946,25,Fixed,1,12,16.86649848,17.0823675,98.73630505,94.98132155
947,25,Fixed,1,14,15.46200866,17.0823675,90.51443634,94.98132155
948,25,Fixed,1,16,15.35687637,17.0823675,89.89899306,94.98132155
949,25,Fixed,1,18,17.54597866,17.0823675,102.7139749,94.98132155
950,25,Fixed,1,20,16.68219107,17.0823675,97.6573714,94.98132155
951,25,Fixed,1,22,17.5761009,17.0823675,102.8903102,94.98132155
952,25,Fixed,1,24,16.23902564,17.0823675,95.06308563,94.98132155
953,25,Fixed,1,26,15.73074712,17.0823675,92.08762851,94.98132155
954,25,Fixed,1,28,14.79717708,17.0823675,86.62251929,94.98132155
955,25,Fixed,1,30,16.16823581,17.0823675,94.64868269,94.98132155
956,25,Fixed,1,32,16.14210667,17.0823675,94.49572296,94.98132155
957,25,Fixed,1,34,16.64272027,17.0823675,97.42630976,94.98132155
958,25,Fixed,1,36,14.90928374,17.0823675,87.2787905,94.98132155
959,25,Fixed,1,38,15.17886639,17.0823675,88.85692451,94.98132155
960,25,Fixed,1,40,17.05104453,17.0823675,99.81663566,94.98132155
961,25,Varied,2,2,19.1765827,15.68795363,122.2376299,123.8830809
962,25,Varied,2,4,19.47166634,15.68795363,124.1185867,123.8830809
963,25,Varied,2,6,17.32875677,15.68795363,110.4590004,123.8830809
964,25,Varied,2,8,21.31105953,15.68795363,135.8434633,123.8830809
965,25,Varied,2,10,19.1180051,15.68795363,121.8642377,123.8830809
966,25,Varied,2,12,17.78864795,15.68795363,113.3904929,123.8830809
967,25,Varied,2,14,19.53712222,15.68795363,124.5358234,123.8830809
968,25,Varied,2,16,18.7839355,15.68795363,119.7347719,123.8830809
969,25,Varied,2,18,18.35685349,15.68795363,117.0124155,123.8830809
970,25,Varied,2,20,19.5556658,15.68795363,124.654026,123.8830809
971,25,Varied,2,22,19.89278144,15.68795363,126.8029082,123.8830809
972,25,Varied,2,24,21.63229441,15.68795363,137.8911164,123.8830809
973,25,Varied,2,26,21.27420704,15.68795363,135.6085538,123.8830809
974,25,Varied,2,28,20.34997298,15.68795363,129.7171923,123.8830809
975,25,Varied,2,30,20.78689766,15.68795363,132.502289,123.8830809
976,25,Varied,2,32,16.85183253,15.68795363,107.4189338,123.8830809
977,25,Varied,2,34,15.81996352,15.68795363,100.841473,123.8830809
978,25,Varied,2,36,20.63785261,15.68795363,131.5522285,123.8830809
979,25,Varied,2,38,20.88584244,15.68795363,133.1329945,123.8830809
980,25,Varied,2,40,20.13446578,15.68795363,128.3434809,123.8830809
981,26,Fixed,2,2,25.71904985,25.44178018,101.0898203,95.42518749
982,26,Fixed,2,4,25.26944979,25.44178018,99.32264809,95.42518749
983,26,Fixed,2,6,23.50103365,25.44178018,92.37181317,95.42518749
984,26,Fixed,2,8,21.91643899,25.44178018,86.14349641,95.42518749
985,26,Fixed,2,10,24.44935456,25.44178018,96.09922886,95.42518749
986,26,Fixed,2,12,23.80592963,25.44178018,93.57021979,95.42518749
987,26,Fixed,2,14,23.33793606,25.44178018,91.73075116,95.42518749
988,26,Fixed,2,16,25.76886849,25.44178018,101.2856345,95.42518749
989,26,Fixed,2,18,26.3118033,25.44178018,103.4196629,95.42518749
990,26,Fixed,2,20,22.28576838,25.44178018,87.59516127,95.42518749
991,26,Fixed,2,22,24.28791428,25.44178018,95.46468096,95.42518749
992,26,Fixed,2,24,26.25570523,25.44178018,103.1991671,95.42518749
993,26,Fixed,2,26,24.99362537,25.44178018,98.23850846,95.42518749
994,26,Fixed,2,28,25.53075646,25.44178018,100.3497251,95.42518749
995,26,Fixed,2,30,23.20694659,25.44178018,91.21589145,95.42518749
996,26,Fixed,2,32,21.25560433,25.44178018,83.54605763,95.42518749
997,26,Fixed,2,34,24.90094458,25.44178018,97.87422267,95.42518749
998,26,Fixed,2,36,21.77540242,25.44178018,85.58914616,95.42518749
999,26,Fixed,2,38,24.81609323,25.44178018,97.54071083,95.42518749
1000,26,Fixed,2,40,26.16870348,25.44178018,102.857203,95.42518749
1001,26,Varied,1,2,23.72713868,24.11460821,98.39321655,95.43537165
1002,26,Varied,1,4,22.87044131,24.11460821,94.84060908,95.43537165
1003,26,Varied,1,6,22.44496551,24.11460821,93.07621883,95.43537165
1004,26,Varied,1,8,24.22386925,24.11460821,100.4530907,95.43537165
1005,26,Varied,1,10,21.18996636,24.11460821,87.87190807,95.43537165
1006,26,Varied,1,12,22.29900996,24.11460821,92.47096101,95.43537165
1007,26,Varied,1,14,22.25133413,24.11460821,92.27325585,95.43537165
1008,26,Varied,1,16,22.68384348,24.11460821,94.06681329,95.43537165
1009,26,Varied,1,18,23.74722643,24.11460821,98.47651773,95.43537165
1010,26,Varied,1,20,22.60290012,24.11460821,93.73115217,95.43537165
1011,26,Varied,1,22,22.73034674,24.11460821,94.25965599,95.43537165
1012,26,Varied,1,24,24.25366747,24.11460821,100.5766598,95.43537165
1013,26,Varied,1,26,22.50209542,24.11460821,93.31312879,95.43537165
1014,26,Varied,1,28,20.51774889,24.11460821,85.08431366,95.43537165
1015,26,Varied,1,30,24.80056605,24.11460821,102.8445738,95.43537165
1016,26,Varied,1,32,24.08371341,24.11460821,99.87188345,95.43537165
1017,26,Varied,1,34,24.04991913,24.11460821,99.73174316,95.43537165
1018,26,Varied,1,36,23.52419846,24.11460821,97.55165106,95.43537165
1019,26,Varied,1,38,23.85666988,24.11460821,98.93036481,95.43537165
1020,26,Varied,1,40,21.91769873,24.11460821,90.8897152,95.43537165
1021,28,Fixed,2,2,22.35152274,22.87206536,97.72411185,79.79069751
1022,28,Fixed,2,4,21.41745946,22.87206536,93.64025121,79.79069751
1023,28,Fixed,2,6,18.55782374,22.87206536,81.13750744,79.79069751
1024,28,Fixed,2,8,16.29482047,22.87206536,71.24332764,79.79069751
1025,28,Fixed,2,10,17.10021926,22.87206536,74.76464843,79.79069751
1026,28,Fixed,2,12,17.10480775,22.87206536,74.78470996,79.79069751
1027,28,Fixed,2,14,18.16216241,22.87206536,79.40761852,79.79069751
1028,28,Fixed,2,16,19.52448566,22.87206536,85.3638941,79.79069751
1029,28,Fixed,2,18,18.95183754,22.87206536,82.86019315,79.79069751
1030,28,Fixed,2,20,18.2091721,22.87206536,79.61315174,79.79069751
1031,28,Fixed,2,22,16.7820155,22.87206536,73.37341525,79.79069751
1032,28,Fixed,2,24,17.13556735,22.87206536,74.91919542,79.79069751
1033,28,Fixed,2,26,17.64287186,22.87206536,77.1372046,79.79069751
1034,28,Fixed,2,28,19.09857885,22.87206536,83.50176751,79.79069751
1035,28,Fixed,2,30,17.76069067,22.87206536,77.65232562,79.79069751
1036,28,Fixed,2,32,18.3032459,22.87206536,80.02445607,79.79069751
1037,28,Fixed,2,34,16.8397539,22.87206536,73.62585594,79.79069751
1038,28,Fixed,2,36,18.06423121,22.87206536,78.97944905,79.79069751
1039,28,Fixed,2,38,17.54794953,22.87206536,76.72219037,79.79069751
1040,28,Fixed,2,40,18.14639392,22.87206536,79.33867639,79.79069751
1041,28,Varied,1,2,22.5701123,24.55568511,91.91399954,74.34488935
1042,28,Varied,1,4,24.23985381,24.55568511,98.71381596,74.34488935
1043,28,Varied,1,6,21.84707647,24.55568511,88.96952527,74.34488935
1044,28,Varied,1,8,21.87812611,24.55568511,89.0959711,74.34488935
1045,28,Varied,1,10,19.72242425,24.55568511,80.31714104,74.34488935
1046,28,Varied,1,12,19.44472277,24.55568511,79.18623603,74.34488935
1047,28,Varied,1,14,20.11293508,24.55568511,81.90744827,74.34488935
1048,28,Varied,1,16,19.10771155,24.55568511,77.81379936,74.34488935
1049,28,Varied,1,18,16.80707886,24.55568511,68.44475642,74.34488935
1050,28,Varied,1,20,17.8352122,24.55568511,72.63170268,74.34488935
1051,28,Varied,1,22,16.83894956,24.55568511,68.57454592,74.34488935
1052,28,Varied,1,24,16.78939884,24.55568511,68.3727567,74.34488935
1053,28,Varied,1,26,16.08513148,24.55568511,65.5047147,74.34488935
1054,28,Varied,1,28,13.06227932,24.55568511,53.194522,74.34488935
1055,28,Varied,1,30,16.35091147,24.55568511,66.58707095,74.34488935
1056,28,Varied,1,32,14.39530526,24.55568511,58.62310578,74.34488935
1057,28,Varied,1,34,17.39779713,24.55568511,70.85038372,74.34488935
1058,28,Varied,1,36,15.68091832,24.55568511,63.85860646,74.34488935
1059,28,Varied,1,38,18.38330833,24.55568511,74.86375657,74.34488935
1060,28,Varied,1,40,16.56868542,24.55568511,67.4739285,74.34488935
1061,29,Fixed,1,2,22.36601058,21.11145551,105.9425323,91.27928758
1062,29,Fixed,1,4,19.72243106,21.11145551,93.42051781,91.27928758
1063,29,Fixed,1,6,20.20273959,21.11145551,95.69562635,91.27928758
1064,29,Fixed,1,8,20.43882334,21.11145551,96.81389959,91.27928758
1065,29,Fixed,1,10,18.24668194,21.11145551,86.43024127,91.27928758
1066,29,Fixed,1,12,20.63245396,21.11145551,97.73108228,91.27928758
1067,29,Fixed,1,14,18.91426086,21.11145551,89.59240565,91.27928758
1068,29,Fixed,1,16,18.64231906,21.11145551,88.30428129,91.27928758
1069,29,Fixed,1,18,19.51550865,21.11145551,92.44037503,91.27928758
1070,29,Fixed,1,20,19.97270775,21.11145551,94.60601963,91.27928758
1071,29,Fixed,1,22,17.18210019,21.11145551,81.38756789,91.27928758
1072,29,Fixed,1,24,18.28342884,21.11145551,86.60430271,91.27928758
1073,29,Fixed,1,26,19.26860579,21.11145551,91.27085424,91.27928758
1074,29,Fixed,1,28,19.12353895,21.11145551,90.58370671,91.27928758
1075,29,Fixed,1,30,18.92793142,21.11145551,89.65715988,91.27928758
1076,29,Fixed,1,32,17.78430872,21.11145551,84.24008808,91.27928758
1077,29,Fixed,1,34,19.09155127,21.11145551,90.4321886,91.27928758
1078,29,Fixed,1,36,19.33826164,21.11145551,91.60079762,91.27928758
1079,29,Fixed,1,38,17.63173707,21.11145551,83.51739207,91.27928758
1080,29,Fixed,1,40,20.12232314,21.11145551,95.31471256,91.27928758
1081,29,Varied,2,2,20.94818238,19.71224948,106.2698724,95.22103858
1082,29,Varied,2,4,18.33174765,19.71224948,92.99673116,95.22103858
1083,29,Varied,2,6,15.20648572,19.71224948,77.14231566,95.22103858
1084,29,Varied,2,8,20.52099733,19.71224948,104.1027679,95.22103858
1085,29,Varied,2,10,19.3715401,19.71224948,98.27158551,95.22103858
1086,29,Varied,2,12,19.94485689,19.71224948,101.1800145,95.22103858
1087,29,Varied,2,14,17.80843927,19.71224948,90.34199415,95.22103858
1088,29,Varied,2,16,18.43426691,19.71224948,93.51681011,95.22103858
1089,29,Varied,2,18,17.18274533,19.71224948,87.16785645,95.22103858
1090,29,Varied,2,20,17.84027656,19.71224948,90.50350434,95.22103858
1091,29,Varied,2,22,16.35125099,19.71224948,82.94969585,95.22103858
1092,29,Varied,2,24,17.4053346,19.71224948,88.29704911,95.22103858
1093,29,Varied,2,26,20.31727863,19.71224948,103.0693055,95.22103858
1094,29,Varied,2,28,19.74311572,19.71224948,100.1565841,95.22103858
1095,29,Varied,2,30,18.686201230000002,19.71224948,94.79486979,95.22103858
1096,29,Varied,2,32,19.7706715,19.71224948,100.2963742,95.22103858
1097,29,Varied,2,34,19.63509574,19.71224948,99.60860005,95.22103858
1098,29,Varied,2,36,17.41615028,19.71224948,88.35191693,95.22103858
1099,29,Varied,2,38,21.51264622,19.71224948,109.1333906,95.22103858
1100,29,Varied,2,40,18.97689056,19.71224948,96.26953324,95.22103858
1101,30,Fixed,2,2,19.76024694,20.85569392,94.74749204,95.98112632
1102,30,Fixed,2,4,20.95371642,20.85569392,100.4700036,95.98112632
1103,30,Fixed,2,6,20.394424,20.85569392,97.78827825,95.98112632
1104,30,Fixed,2,8,20.31439694,20.85569392,97.40456021,95.98112632
1105,30,Fixed,2,10,20.57934592,20.85569392,98.67495179,95.98112632
1106,30,Fixed,2,12,18.12125807,20.85569392,86.88878028,95.98112632
1107,30,Fixed,2,14,19.22382384,20.85569392,92.1754218,95.98112632
1108,30,Fixed,2,16,20.82388361,20.85569392,99.84747419,95.98112632
1109,30,Fixed,2,18,18.55659985,20.85569392,88.9761804,95.98112632
1110,30,Fixed,2,20,19.88502502,20.85569392,95.34578471,95.98112632
1111,30,Fixed,2,22,18.88131741,20.85569392,90.5331536,95.98112632
1112,30,Fixed,2,24,20.20373931,20.85569392,96.87397304,95.98112632
1113,30,Fixed,2,26,20.27184461,20.85569392,97.20052798,95.98112632
1114,30,Fixed,2,28,21.4508551,20.85569392,102.8537108,95.98112632
1115,30,Fixed,2,30,20.39365649,20.85569392,97.78459813,95.98112632
1116,30,Fixed,2,32,20.62782739,20.85569392,98.90741332,95.98112632
1117,30,Fixed,2,34,19.94984971,20.85569392,95.65660957,95.98112632
1118,30,Fixed,2,36,20.37740374,20.85569392,97.70666858,95.98112632
1119,30,Fixed,2,38,19.97854317,20.85569392,95.79419054,95.98112632
1120,30,Fixed,2,40,19.602841,20.85569392,93.99275359,95.98112632
1121,30,Varied,1,2,20.20877339,19.48640835,103.7070199,92.21923093
1122,30,Varied,1,4,20.0951448,19.48640835,103.1239028,92.21923093
1123,30,Varied,1,6,19.54981807,19.48640835,100.3254049,92.21923093
1124,30,Varied,1,8,18.10460512,19.48640835,92.908886999999993,92.21923093
1125,30,Varied,1,10,17.13620019,19.48640835,87.93924402,92.21923093
1126,30,Varied,1,12,16.61903412,19.48640835,85.28526048,92.21923093
1127,30,Varied,1,14,18.63953788,19.48640835,95.65404532,92.21923093
1128,30,Varied,1,16,18.24925796,19.48640835,93.65121386,92.21923093
1129,30,Varied,1,18,16.77282205,19.48640835,86.07446663,92.21923093
1130,30,Varied,1,20,18.4761716,19.48640835,94.8156852,92.21923093
1131,30,Varied,1,22,18.00773034,19.48640835,92.41174675,92.21923093
1132,30,Varied,1,24,17.46444326,19.48640835,89.62371592,92.21923093
1133,30,Varied,1,26,17.86202189,19.48640835,91.66400279,92.21923093
1134,30,Varied,1,28,18.66127613,19.48640835,95.76560133,92.21923093
1135,30,Varied,1,30,17.52534732,19.48640835,89.93626224,92.21923093
1136,30,Varied,1,32,18.3558862,19.48640835,94.19840673,92.21923093
1137,30,Varied,1,34,16.06550947,19.48640835,82.44469262,92.21923093
1138,30,Varied,1,36,16.57205825,19.48640835,85.04419057,92.21923093
1139,30,Varied,1,38,17.41273258,19.48640835,89.35834794,92.21923093
1140,30,Varied,1,40,17.62594775,19.48640835,90.45252173,92.21923093
1141,31,Fixed,1,2,27.44056147,31.06081751,88.34462087,88.33495655
1142,31,Fixed,1,4,24.70854336,31.06081751,79.54891513,88.33495655
1143,31,Fixed,1,6,21.94552602,31.06081751,70.653407670000007,88.33495655
1144,31,Fixed,1,8,28.14450343,31.06081751,90.61095518,88.33495655
1145,31,Fixed,1,10,23.71402954,31.06081751,76.34708756,88.33495655
1146,31,Fixed,1,12,30.5252302,31.06081751,98.27568187,88.33495655
1147,31,Fixed,1,14,31.11310629,31.06081751,100.1683432,88.33495655
1148,31,Fixed,1,16,25.89030448,31.06081751,83.35358356,88.33495655
1149,31,Fixed,1,18,29.2800647,31.06081751,94.26688364,88.33495655
1150,31,Fixed,1,20,25.65324783,31.06081751,82.590382,88.33495655
1151,31,Fixed,1,22,31.09176164,31.06081751,100.0996243,88.33495655
1152,31,Fixed,1,24,24.85784721,31.06081751,80.02959744,88.33495655
1153,31,Fixed,1,26,28.49783888,31.06081751,91.74851521,88.33495655
1154,31,Fixed,1,28,30.22620135,31.06081751,97.31296139,88.33495655
1155,31,Fixed,1,30,28.18410203,31.06081751,90.73844249,88.33495655
1156,31,Fixed,1,32,24.31853316,31.06081751,78.29328107,88.33495655
1157,31,Fixed,1,34,25.26764938,31.06081751,81.34895152,88.33495655
1158,31,Fixed,1,36,30.646479,31.06081751,98.66604119,88.33495655
1159,31,Fixed,1,38,28.38253282,31.06081751,91.37728849,88.33495655
1160,31,Fixed,1,40,28.86313023,31.06081751,92.92456718,88.33495655
1161,31,Varied,2,2,35.28107209,33.03254708,106.8069986,92.12428433
1162,31,Varied,2,4,31.41322733,33.03254708,95.09780534,92.12428433
1163,31,Varied,2,6,33.12923639,33.03254708,100.2927092,92.12428433
1164,31,Varied,2,8,32.87369928,33.03254708,99.51911731,92.12428433
1165,31,Varied,2,10,32.70956294,33.03254708,99.02222452,92.12428433
1166,31,Varied,2,12,30.29091772,33.03254708,91.7002181,92.12428433
1167,31,Varied,2,14,24.70365008,33.03254708,74.78578634,92.12428433
1168,31,Varied,2,16,30.52844149,33.03254708,92.41927789,92.12428433
1169,31,Varied,2,18,27.26661909,33.03254708,82.54470665,92.12428433
1170,31,Varied,2,20,29.80524133,33.03254708,90.22992157,92.12428433
1171,31,Varied,2,22,28.66914822,33.03254708,86.79060729,92.12428433
1172,31,Varied,2,24,36.9587321,33.03254708,111.8858077,92.12428433
1173,31,Varied,2,26,30.90806698,33.03254708,93.56852472,92.12428433
1174,31,Varied,2,28,28.98250268,33.03254708,87.73923066,92.12428433
1175,31,Varied,2,30,31.22191929,33.03254708,94.51865522,92.12428433
1176,31,Varied,2,32,26.40480804,33.03254708,79.93573119,92.12428433
1177,31,Varied,2,34,28.32460761,33.03254708,85.74757356,92.12428433
1178,31,Varied,2,36,28.73360906,33.03254708,86.9857507,92.12428433
1179,31,Varied,2,38,28.59790156,33.03254708,86.57492104,92.12428433
1180,31,Varied,2,40,31.81698869,33.03254708,96.3201191,92.12428433
1181,32,Fixed,2,2,22.8332002,15.65518086,145.8507597,119.11607360000001
1182,32,Fixed,2,4,19.06824304,15.65518086,121.8014868,119.11607360000001
1183,32,Fixed,2,6,19.59962674,15.65518086,125.1957861,119.11607360000001
1184,32,Fixed,2,8,21.24621923,15.65518086,135.713662,119.11607360000001
1185,32,Fixed,2,10,21.56060563,15.65518086,137.721856,119.11607360000001
1186,32,Fixed,2,12,19.64773978,15.65518086,125.5031159,119.11607360000001
1187,32,Fixed,2,14,20.23932007,15.65518086,129.2819308,119.11607360000001
1188,32,Fixed,2,16,19.3158546,15.65518086,123.3831457,119.11607360000001
1189,32,Fixed,2,18,21.19364813,15.65518086,135.3778556,119.11607360000001
1190,32,Fixed,2,20,18.71804561,15.65518086,119.5645441,119.11607360000001
1191,32,Fixed,2,22,17.25620547,15.65518086,110.2268037,119.11607360000001
1192,32,Fixed,2,24,19.17668715,15.65518086,122.4941911,119.11607360000001
1193,32,Fixed,2,26,13.04247245,15.65518086,83.31090244,119.11607360000001
1194,32,Fixed,2,28,16.2086436,15.65518086,103.5353328,119.11607360000001
1195,32,Fixed,2,30,13.68465519,15.65518086,87.41294857,119.11607360000001
1196,32,Fixed,2,32,18.82328645,15.65518086,120.2367869,119.11607360000001
1197,32,Fixed,2,34,21.97139738,15.65518086,140.3458547,119.11607360000001
1198,32,Fixed,2,36,14.98529751,15.65518086,95.72101177,119.11607360000001
1199,32,Fixed,2,38,15.93570313,15.65518086,101.7918814,119.11607360000001
1200,32,Fixed,2,40,18.44988374,15.65518086,117.8516168,119.11607360000001
1201,32,Varied,1,2,14.12255412,16.56529327,85.2538732,99.45650811
1202,32,Varied,1,4,16.42475727,16.56529327,99.15162383,99.45650811
1203,32,Varied,1,6,10.7805152,16.56529327,65.0789275,99.45650811
1204,32,Varied,1,8,17.16884533,16.56529327,103.6434734,99.45650811
1205,32,Varied,1,10,15.84477458,16.56529327,95.65043203,99.45650811
1206,32,Varied,1,12,16.48990998,16.56529327,99.54493231,99.45650811
1207,32,Varied,1,14,20.43472801,16.56529327,123.3586854,99.45650811
1208,32,Varied,1,16,19.38219206,16.56529327,117.0048229,99.45650811
1209,32,Varied,1,18,19.62108782,16.56529327,118.4469692,99.45650811
1210,32,Varied,1,20,16.39391774,16.56529327,98.96545424,99.45650811
1211,32,Varied,1,22,19.2593791,16.56529327,116.2634357,99.45650811
1212,32,Varied,1,24,16.91958617,16.56529327,102.1387662,99.45650811
1213,32,Varied,1,26,18.52273035,16.56529327,111.8164952,99.45650811
1214,32,Varied,1,28,13.86001873,16.56529327,83.66902113,99.45650811
1215,32,Varied,1,30,13.19570566,16.56529327,79.65875064,99.45650811
1216,32,Varied,1,32,14.35219285,16.56529327,86.6401374,99.45650811
1217,32,Varied,1,34,16.54346193,16.56529327,99.86821036,99.45650811
1218,32,Varied,1,36,17.3671357,16.56529327,104.8404964,99.45650811
1219,32,Varied,1,38,19.16744856,16.56529327,115.708477,99.45650811
1220,32,Varied,1,40,13.65430381,16.56529327,82.4271782,99.45650811
1221,33,Fixed,1,2,9.087374271,7.379482401,123.1437895,152.5423441
1222,33,Fixed,1,4,9.192120415,7.379482401,124.5632135,152.5423441
1223,33,Fixed,1,6,7.28386879,7.379482401,98.70433174,152.5423441
1224,33,Fixed,1,8,11.23680353,7.379482401,152.27089,152.5423441
1225,33,Fixed,1,10,10.8135402,7.379482401,146.5352123,152.5423441
1226,33,Fixed,1,12,11.55001148,7.379482401,156.5151979,152.5423441
1227,33,Fixed,1,14,11.29392599,7.379482401,153.0449614,152.5423441
1228,33,Fixed,1,16,11.54106368,7.379482401,156.3939455,152.5423441
1229,33,Fixed,1,18,11.79409277,7.379482401,159.8227644,152.5423441
1230,33,Fixed,1,20,11.13175975,7.379482401,150.8474328,152.5423441
1231,33,Fixed,1,22,12.02244437,7.379482401,162.9171765,152.5423441
1232,33,Fixed,1,24,11.51139355,7.379482401,155.9918829,152.5423441
1233,33,Fixed,1,26,11.62615295,7.379482401,157.5469974,152.5423441
1234,33,Fixed,1,28,12.27537388,7.379482401,166.344646,152.5423441
1235,33,Fixed,1,30,12.75336581,7.379482401,172.8219557,152.5423441
1236,33,Fixed,1,32,11.49239061,7.379482401,155.7343725,152.5423441
1237,33,Fixed,1,34,11.56452167,7.379482401,156.7118267,152.5423441
1238,33,Fixed,1,36,12.21750697,7.379482401,165.5604866,152.5423441
1239,33,Fixed,1,38,12.9657578,7.379482401,175.7000979,152.5423441
1240,33,Fixed,1,40,11.78324029,7.379482401,159.6757015,152.5423441
1241,33,Varied,2,2,13.63844197,12.32267157,110.6776391,108.4290967
1242,33,Varied,2,4,15.49891667,12.32267157,125.7756208,108.4290967
1243,33,Varied,2,6,16.57986685,12.32267157,134.5476649,108.4290967
1244,33,Varied,2,8,14.48140362,12.32267157,117.5183769,108.4290967
1245,33,Varied,2,10,18.59834098,12.32267157,150.9278314,108.4290967
1246,33,Varied,2,12,14.8548186,12.32267157,120.5486856,108.4290967
1247,33,Varied,2,14,12.67752161,12.32267157,102.8796518,108.4290967
1248,33,Varied,2,16,13.87997889,12.32267157,112.637741,108.4290967
1249,33,Varied,2,18,12.33464827,12.32267157,100.0971923,108.4290967
1250,33,Varied,2,20,14.55306049,12.32267157,118.0998812,108.4290967
1251,33,Varied,2,22,13.90925809,12.32267157,112.8753453,108.4290967
1252,33,Varied,2,24,12.69166292,12.32267157,102.9944103,108.4290967
1253,33,Varied,2,26,12.22360564,12.32267157,99.19606773,108.4290967
1254,33,Varied,2,28,12.25521117,12.32267157,99.45255048,108.4290967
1255,33,Varied,2,30,10.83916537,12.32267157,87.96116415,108.4290967
1256,33,Varied,2,32,10.84479303,12.32267157,88.00683331,108.4290967
1257,33,Varied,2,34,12.45084381,12.32267157,101.0401335,108.4290967
1258,33,Varied,2,36,11.16407521,12.32267157,90.5978476,108.4290967
1259,33,Varied,2,38,11.90325178,12.32267157,96.59635668,108.4290967
1260,33,Varied,2,40,11.84836465,12.32267157,96.15094082,108.4290967
1261,34,Fixed,2,2,18.09067599,20.34860547,88.90376302,92.10375233
1262,34,Fixed,2,4,18.58915704,20.34860547,91.35346922,92.10375233
1263,34,Fixed,2,6,22.16540498,20.34860547,108.9283735,92.10375233
1264,34,Fixed,2,8,20.24821205,20.34860547,99.50663242,92.10375233
1265,34,Fixed,2,10,20.72696159,20.34860547,101.8593712,92.10375233
1266,34,Fixed,2,12,20.62333623,20.34860547,101.3501208,92.10375233
1267,34,Fixed,2,14,22.57538004,20.34860547,110.943131,92.10375233
1268,34,Fixed,2,16,18.99389193,20.34860547,93.34247478,92.10375233
1269,34,Fixed,2,18,20.39150854,20.34860547,100.2108403,92.10375233
1270,34,Fixed,2,20,19.30634492,20.34860547,94.87797552,92.10375233
1271,34,Fixed,2,22,17.47439651,20.34860547,85.87515511,92.10375233
1272,34,Fixed,2,24,17.94290666,20.34860547,88.17757403,92.10375233
1273,34,Fixed,2,26,19.92772416,20.34860547,97.93164541,92.10375233
1274,34,Fixed,2,28,17.57853634,20.34860547,86.38693377,92.10375233
1275,34,Fixed,2,30,15.85270583,20.34860547,77.90561298,92.10375233
1276,34,Fixed,2,32,16.53180677,20.34860547,81.24294702,92.10375233
1277,34,Fixed,2,34,15.91612999,20.34860547,78.21730099,92.10375233
1278,34,Fixed,2,36,18.01230707,20.34860547,88.51863137,92.10375233
1279,34,Fixed,2,38,16.50259656,20.34860547,81.09939811,92.10375233
1280,34,Fixed,2,40,17.38660058,20.34860547,85.44369591,92.10375233
1281,34,Varied,1,2,22.71863719,22.18262124,102.4163779,95.11574296
1282,34,Varied,1,4,23.80832357,22.18262124,107.3287206,95.11574296
1283,34,Varied,1,6,22.07654166,22.18262124,99.5217897,95.11574296
1284,34,Varied,1,8,22.87689945,22.18262124,103.1298295,95.11574296
1285,34,Varied,1,10,22.41453444,22.18262124,101.0454725,95.11574296
1286,34,Varied,1,12,22.27338784,22.18262124,100.4091789,95.11574296
1287,34,Varied,1,14,20.87067157,22.18262124,94.08568694,95.11574296
1288,34,Varied,1,16,22.3896072,22.18262124,100.9330996,95.11574296
1289,34,Varied,1,18,21.66564399,22.18262124,97.66944922,95.11574296
1290,34,Varied,1,20,20.28324091,22.18262124,91.43752982,95.11574296
1291,34,Varied,1,22,19.8036605,22.18262124,89.27556526,95.11574296
1292,34,Varied,1,24,20.45316832,22.18262124,92.2035683,95.11574296
1293,34,Varied,1,26,21.59704303,22.18262124,97.36019383,95.11574296
1294,34,Varied,1,28,20.84690366,22.18262124,93.9785404,95.11574296
1295,34,Varied,1,30,21.43211913,22.18262124,96.61671133,95.11574296
1296,34,Varied,1,32,20.03861617,22.18262124,90.33475331,95.11574296
1297,34,Varied,1,34,20.43892932,22.18262124,92.13937837,95.11574296
1298,34,Varied,1,36,18.26467814,22.18262124,82.33778121,95.11574296
1299,34,Varied,1,38,18.94618771,22.18262124,85.4100492,95.11574296
1300,34,Varied,1,40,18.78450618,22.18262124,84.68118341,95.11574296
1301,35,Fixed,1,2,23.22320366,20.8672942,111.2899614,86.02601779
1302,35,Fixed,1,4,19.17830863,20.8672942,91.90606334,86.02601779
1303,35,Fixed,1,6,19.28083224,20.8672942,92.39737579,86.02601779
1304,35,Fixed,1,8,19.3268154,20.8672942,92.61773574,86.02601779
1305,35,Fixed,1,10,18.7028971,20.8672942,89.62780183,86.02601779
1306,35,Fixed,1,12,16.65010482,20.8672942,79.79043499,86.02601779
1307,35,Fixed,1,14,18.95572846,20.8672942,90.83941729,86.02601779
1308,35,Fixed,1,16,17.26559161,20.8672942,82.73996353,86.02601779
1309,35,Fixed,1,18,17.00872294,20.8672942,81.50900049,86.02601779
1310,35,Fixed,1,20,17.73766862,20.8672942,85.00224535,86.02601779
1311,35,Fixed,1,22,17.37867244,20.8672942,83.28186811,86.02601779
1312,35,Fixed,1,24,18.57605743,20.8672942,89.01996231,86.02601779
1313,35,Fixed,1,26,18.45416877,20.8672942,88.4358489,86.02601779
1314,35,Fixed,1,28,17.8709505,20.8672942,85.64095719,86.02601779
1315,35,Fixed,1,30,16.81086351,20.8672942,80.56082091,86.02601779
1316,35,Fixed,1,32,16.85999584,20.8672942,80.79627228,86.02601779
1317,35,Fixed,1,34,16.73308203,20.8672942,80.18807742,86.02601779
1318,35,Fixed,1,36,15.83912659,20.8672942,75.90407473,86.02601779
1319,35,Fixed,1,38,16.68903719,20.8672942,79.97700627,86.02601779
1320,35,Fixed,1,40,16.48421669,20.8672942,78.99546788,86.02601779
1321,35,Varied,2,4,21.09912575,23.75802647,88.80841081,91.72171235
1322,35,Varied,2,6,22.02070808,23.75802647,92.68744653,91.72171235
1323,35,Varied,2,8,22.94763184,23.75802647,96.58896484,91.72171235
1324,35,Varied,2,10,21.33700643,23.75802647,89.80967528,91.72171235
1325,35,Varied,2,12,23.45389983,23.75802647,98.71989938,91.72171235
1326,35,Varied,2,14,22.74364832,23.75802647,95.73037704,91.72171235
1327,35,Varied,2,16,22.24195746,23.75802647,93.61870813,91.72171235
1328,35,Varied,2,18,22.34672883,23.75802647,94.05970168,91.72171235
1329,35,Varied,2,20,21.36595664,23.75802647,89.93152973,91.72171235
1330,35,Varied,2,22,21.99167264,23.75802647,92.56523335,91.72171235
1331,35,Varied,2,24,21.0742817,23.75802647,88.70383963,91.72171235
1332,35,Varied,2,26,21.3294765,23.75802647,89.77798101,91.72171235
1333,35,Varied,2,28,21.66101288,23.75802647,91.17345207,91.72171235
1334,35,Varied,2,30,21.3158257,23.75802647,89.72052339,91.72171235
1335,35,Varied,2,32,22.44554414,23.75802647,94.47562558,91.72171235
1336,35,Varied,2,34,21.3568306,23.75802647,89.89311727,91.72171235
1337,35,Varied,2,36,21.30725658,23.75802647,89.68445507,91.72171235
1338,35,Varied,2,38,22.20377951,23.75802647,93.45801319,91.72171235
1339,35,Varied,2,40,21.85096774,23.75802647,91.9729918,91.72171235
1340,36,Fixed,2,2,19.35015932,18.55650301,104.2769713,93.51720417
1341,36,Fixed,2,4,18.10153476,18.55650301,97.54820049,93.51720417
1342,36,Fixed,2,6,16.79590188,18.55650301,90.51221491,93.51720417
1343,36,Fixed,2,8,17.44871712,18.55650301,94.03020123,93.51720417
1344,36,Fixed,2,10,20.26451498,18.55650301,109.204385,93.51720417
1345,36,Fixed,2,12,15.15667813,18.55650301,81.67852598,93.51720417
1346,36,Fixed,2,14,15.65473443,18.55650301,84.36252466,93.51720417
1347,36,Fixed,2,16,19.50194697,18.55650301,105.0949468,93.51720417
1348,36,Fixed,2,18,15.49958657,18.55650301,83.52644121,93.51720417
1349,36,Fixed,2,20,18.62962944,18.55650301,100.3940744,93.51720417
1350,36,Fixed,2,22,15.36534296,18.55650301,82.80300956,93.51720417
1351,36,Fixed,2,24,17.64139687,18.55650301,95.06854207,93.51720417
1352,36,Fixed,2,26,14.34095294,18.55650301,77.28262668,93.51720417
1353,36,Fixed,2,28,17.46095335,18.55650301,94.09614165,93.51720417
1354,36,Fixed,2,30,15.62008275,18.55650301,84.17578864,93.51720417
1355,36,Fixed,2,32,16.16399963,18.55650301,87.10692756,93.51720417
1356,36,Fixed,2,34,17.30783994,18.55650301,93.27102165,93.51720417
1357,36,Fixed,2,36,21.22407051,18.55650301,114.3753783,93.51720417
1358,36,Fixed,2,38,19.34062373,18.55650301,104.2255846,93.51720417
1359,36,Fixed,2,40,16.2017898,18.55650301,87.31057675,93.51720417
1360,36,Varied,1,2,18.41152849,19.42486305,94.7833117,89.62137362
1361,36,Varied,1,4,18.92790956,19.42486305,97.44166281,89.62137362
1362,36,Varied,1,6,15.27873625,19.42486305,78.65556741,89.62137362
1363,36,Varied,1,8,17.18106133,19.42486305,88.44881576,89.62137362
1364,36,Varied,1,10,16.52203489,19.42486305,85.05612031,89.62137362
1365,36,Varied,1,12,15.11644057,19.42486305,77.82006251,89.62137362
1366,36,Varied,1,14,15.71137247,19.42486305,80.88279657,89.62137362
1367,36,Varied,1,16,16.90267024,19.42486305,87.01564686,89.62137362
1368,36,Varied,1,18,15.32315174,19.42486305,78.88422015,89.62137362
1369,36,Varied,1,20,18.10374811,19.42486305,93.19884552,89.62137362
1370,36,Varied,1,22,16.8056718,19.42486305,86.51629487,89.62137362
1371,36,Varied,1,24,13.99228526,19.42486305,72.03286438,89.62137362
1372,36,Varied,1,26,18.28110846,19.42486305,94.11190398,89.62137362
1373,36,Varied,1,28,18.07328562,19.42486305,93.04202335,89.62137362
1374,36,Varied,1,30,18.19412284,19.42486305,93.66409838,89.62137362
1375,36,Varied,1,32,18.79193912,19.42486305,96.74168134,89.62137362
1376,36,Varied,1,34,19.63969352,19.42486305,101.1059561,89.62137362
1377,36,Varied,1,36,18.59484673,19.42486305,95.72704154,89.62137362
1378,36,Varied,1,38,16.6962932,19.42486305,85.95320934,89.62137362
1379,36,Varied,1,40,21.62868166,19.42486305,111.3453495,89.62137362
