"...1","sub_num","condition","session","repetition","peak_force","peak_force_pretest","peak_force_percent","mean_peak"
415,11,"Varied",2,30,19.01446724,19.97270711,95.20225342,91.0912509
463,13,"Fixed",1,6,33.45068359,36.11454646,92.6238507,91.08387589
179,5,"Varied",2,38,20.68668938,25.20231183,82.08250701,87.13966255
526,14,"Varied",1,12,28.04571342,23.41526922,119.7753191,117.814729
195,6,"Fixed",2,30,35.40160751,41.45375315,85.40024683,84.58665869
938,24,"Varied",1,36,24.55943318,26.4955833,92.69255518,90.69123437
1142,31,"Fixed",1,4,24.70854336,31.06081751,79.54891513,88.33495655
1323,35,"Varied",2,8,22.94763184,23.75802647,96.58896484,91.72171235
1253,33,"Varied",2,26,12.22360564,12.32267157,99.19606773,108.4290967
1268,34,"Fixed",2,16,18.99389193,20.34860547,93.34247478,92.10375233
1038,28,"Fixed",2,36,18.06423121,22.87206536,78.97944905,79.79069751
665,18,"Fixed",2,10,21.0248909,22.56558927,93.17235481,96.81931641
602,16,"Varied",1,4,24.77016449,27.54258664,89.93405307,76.7850369
709,19,"Fixed",1,18,14.17943192,16.06668282,88.25363691,96.20387035
1011,26,"Varied",1,22,22.73034674,24.11460821,94.25965599,95.43537165
1115,30,"Fixed",2,30,20.39365649,20.85569392,97.78459813,95.98112632
953,25,"Fixed",1,26,15.73074712,17.0823675,92.08762851,94.98132155
348,10,"Fixed",2,16,27.10626411,31.0102005,87.41079928,88.421638
1017,26,"Varied",1,34,24.04991913,24.11460821,99.73174316,95.43537165
1379,36,"Varied",1,40,21.62868166,19.42486305,111.3453495,89.62137362
840,22,"Fixed",2,40,19.6094532,19.92260297,98.42816839,100.227915
26,1,"Varied",2,12,39.16254044,44.77627563,87.4627018,87.0962308
519,14,"Fixed",2,38,23.84950447,25.40690358,93.87017348,102.7728011
211,6,"Varied",1,22,33.306633,41.4527092,80.34850711,83.72910025
932,24,"Varied",1,24,23.33993787,26.4955833,88.08991898,90.69123437
593,16,"Fixed",2,26,19.09588623,25.35471153,75.31494178,79.45739057
555,15,"Fixed",1,30,21.88292122,25.6678613,85.25416653,85.948354
373,10,"Varied",1,26,29.36094475,35.928744,81.71993084,83.53457134
844,22,"Varied",1,8,18.30048561,20.30047035,90.14808669,87.56736073
1167,31,"Varied",2,14,24.70365008,33.03254708,74.78578634,92.12428433
544,15,"Fixed",1,8,22.49669647,25.6678613,87.64538738,85.948354
490,13,"Varied",2,20,34.69702148,42.64267858,81.36689026,82.6050141
905,24,"Fixed",2,10,24.61218581,25.85728185,95.18473731,85.40678922
937,24,"Varied",1,34,23.96015019,26.4955833,90.43073298,90.69123437
1047,28,"Varied",1,14,20.11293508,24.55568511,81.90744827,74.34488935
923,24,"Varied",1,6,27.21273422,26.4955833,102.706681,90.69123437
956,25,"Fixed",1,32,16.14210667,17.0823675,94.49572296,94.98132155
309,9,"Fixed",1,18,29.49872971,27.72630119,106.3925891,102.7704987
1159,31,"Fixed",1,38,28.38253282,31.06081751,91.37728849,88.33495655
1248,33,"Varied",2,16,13.87997889,12.32267157,112.637741,108.4290967
166,5,"Varied",2,12,20.85578918,25.20231183,82.75347644,87.13966255
217,6,"Varied",1,34,33.19390106,41.4527092,80.07655399,83.72910025
1314,35,"Fixed",1,28,17.8709505,20.8672942,85.64095719,86.02601779
581,16,"Fixed",2,2,25.43404388,25.35471153,100.31289,79.45739057
72,3,"Fixed",1,24,18.97689056,19.89755122,95.37299518,96.61158139
588,16,"Fixed",2,16,20.39232826,25.35471153,80.4281612,79.45739057
141,5,"Fixed",1,2,20.39232826,18.53847949,110.0000045,105.8834485
722,19,"Varied",2,4,17.64913368,18.10215759,97.49740379,91.41679198
859,22,"Varied",1,38,17.40487671,20.30047035,85.7363224,87.56736073
153,5,"Fixed",1,26,20.22949028,18.53847949,109.1216262,105.8834485
294,8,"Varied",1,28,36.75128555,55.38997269,66.35006982,69.20397959
277,8,"Fixed",2,34,41.70531845,53.73236465,77.61675616,80.89323208
41,2,"Fixed",2,2,51.99229431,53.43278376,97.30410929,85.99015531
431,12,"Fixed",2,22,23.9183979,28.74299431,83.21470494,83.8193647
90,3,"Varied",2,20,18.54474258,19.2837766,96.16758671,94.83273951
316,9,"Fixed",1,32,28.40270424,27.72630119,102.4395719,102.7704987
1247,33,"Varied",2,14,12.67752161,12.32267157,102.8796518,108.4290967
528,14,"Varied",1,16,29.67409325,23.41526922,126.7296693,117.814729
1140,30,"Varied",1,40,17.62594775,19.48640835,90.45252173,92.21923093
774,20,"Varied",1,28,21.0875206,24.57183647,85.8198801,87.16822512
747,20,"Fixed",2,14,21.53219414,26.39436976,81.57873945,84.9956495
456,12,"Varied",1,32,24.81400681,30.11250432,82.40432791,82.69238676
598,16,"Fixed",2,36,19.25872421,25.35471153,75.95718132,79.45739057
1063,29,"Fixed",1,6,20.20273959,21.11145551,95.69562635,91.27928758
1183,32,"Fixed",2,6,19.59962674,15.65518086,125.1957861,119.1160736
752,20,"Fixed",2,24,21.63240242,26.39436976,81.95839725,84.9956495
1233,33,"Fixed",1,26,11.62615295,7.379482401,157.5469974,152.5423441
374,10,"Varied",1,28,29.89956284,35.928744,83.21905947,83.53457134
34,1,"Varied",2,28,39.80762863,44.77627563,88.90339374,87.0962308
516,14,"Fixed",2,32,25.34009743,25.40690358,99.7370551,102.7728011
13,1,"Fixed",1,26,32.78054047,43.2167867,75.85140629,82.08009458
69,3,"Fixed",1,18,19.24619865,19.89755122,96.72646871,96.61158139
755,20,"Fixed",2,30,21.11883545,26.39436976,80.01265285,84.9956495
409,11,"Varied",2,18,19.85997391,19.97270711,99.43556372,91.0912509
1332,35,"Varied",2,26,21.3294765,23.75802647,89.77798101,91.72171235
1302,35,"Fixed",1,4,19.17830863,20.8672942,91.90606334,86.02601779
1113,30,"Fixed",2,26,20.27184461,20.85569392,97.20052798,95.98112632
928,24,"Varied",1,16,22.24554518,26.4955833,83.95944684,90.69123437
1006,26,"Varied",1,12,22.29900996,24.11460821,92.47096101,95.43537165
537,14,"Varied",1,34,25.92881966,23.41526922,110.7346639,117.814729
983,26,"Fixed",2,6,23.50103365,25.44178018,92.37181317,95.42518749
291,8,"Varied",1,22,33.85151672,55.38997269,61.1148825,69.20397959
1310,35,"Fixed",1,20,17.73766862,20.8672942,85.00224535,86.02601779
671,18,"Fixed",2,22,21.4633007,22.56558927,95.11517935,96.81931641
121,4,"Varied",1,2,21.07499504,16.35060533,128.8942802,127.9864648
1134,30,"Varied",1,28,18.66127613,19.48640835,95.76560133,92.21923093
1182,32,"Fixed",2,4,19.06824304,15.65518086,121.8014868,119.1160736
1088,29,"Varied",2,16,18.43426691,19.71224948,93.51681011,95.22103858
480,13,"Fixed",1,40,31.74714661,36.11454646,87.90681241,91.08387589
67,3,"Fixed",1,14,20.47374725,19.89755122,102.8958138,96.61158139
1014,26,"Varied",1,28,20.51774889,24.11460821,85.08431366,95.43537165
1109,30,"Fixed",2,18,18.55659985,20.85569392,88.9761804,95.98112632
165,5,"Varied",2,10,22.40275192,25.20231183,88.89165435,87.13966255
1075,29,"Fixed",1,30,18.92793142,21.11145551,89.65715988,91.27928758
1098,29,"Varied",2,36,17.41615028,19.71224948,88.35191693,95.22103858
1202,32,"Varied",1,4,16.42475727,16.56529327,99.15162383,99.45650811
236,7,"Fixed",1,32,28.11460686,36.98719152,76.01173732,76.13788766
610,16,"Varied",1,20,21.60108757,27.54258664,78.4279554,76.7850369
330,9,"Varied",2,20,30.11876678,31.77846209,94.77729507,93.78793882
726,19,"Varied",2,12,16.29632568,18.10215759,90.02421728,91.41679198
127,4,"Varied",1,14,21.18772888,16.35060533,129.5837583,127.9864648
212,6,"Varied",1,24,30.63233376,41.4527092,73.89706089,83.72910025
686,18,"Varied",1,12,21.9831295,16.06668282,136.82432,139.1826903
814,21,"Varied",2,28,21.23156929,25.21901385,84.18873718,90.72764679
1334,35,"Varied",2,30,21.3158257,23.75802647,89.72052339,91.72171235
931,24,"Varied",1,22,23.61832872,26.4955833,89.14062563,90.69123437
878,23,"Fixed",1,36,22.38396263,26.46535047,84.57837223,81.72674937
243,7,"Varied",2,6,30.96113968,36.91307831,83.87579985,79.74097177
847,22,"Varied",1,14,18.30674934,20.30047035,90.1789418,87.56736073
1137,30,"Varied",1,34,16.06550947,19.48640835,82.44469262,92.21923093
983,26,"Fixed",2,6,23.50103365,25.44178018,92.37181317,95.42518749
619,16,"Varied",1,38,19.64703178,27.54258664,71.33328484,76.7850369
477,13,"Fixed",1,34,30.93922043,36.11454646,85.6696912,91.08387589
151,5,"Fixed",1,22,16.99778175,18.53847949,91.6891904,105.8834485
666,18,"Fixed",2,12,22.55932617,22.56558927,99.97224492,96.81931641
767,20,"Varied",1,14,22.27122879,24.57183647,90.63721719,87.16822512
160,5,"Fixed",1,40,17.74307823,18.53847949,95.70945796,105.8834485
155,5,"Fixed",1,30,20.9622612,18.53847949,113.0743285,105.8834485
426,12,"Fixed",2,12,23.91213417,28.74299431,83.19291273,83.8193647
1029,28,"Fixed",2,18,18.95183754,22.87206536,82.86019315,79.79069751
326,9,"Varied",2,12,29.52378273,31.77846209,92.90500794,93.78793882
1304,35,"Fixed",1,8,19.3268154,20.8672942,92.61773574,86.02601779
789,21,"Fixed",1,18,21.04994392,23.55514272,89.36453569,87.72135164
1262,34,"Fixed",2,4,18.58915704,20.34860547,91.35346922,92.10375233
1363,36,"Varied",1,8,17.18106133,19.42486305,88.44881576,89.62137362
985,26,"Fixed",2,10,24.44935456,25.44178018,96.09922886,95.42518749
39,1,"Varied",2,38,37.70952225,44.77627563,84.21763917,87.0962308
822,22,"Fixed",2,4,20.68668938,19.92260297,103.835274,100.227915
986,26,"Fixed",2,12,23.80592963,25.44178018,93.57021979,95.42518749
137,4,"Varied",1,34,21.18772888,16.35060533,129.5837583,127.9864648
455,12,"Varied",1,30,24.73884964,30.11250432,82.15474002,82.69238676
589,16,"Fixed",2,18,20.26080513,25.35471153,79.90942868,79.45739057
1107,30,"Fixed",2,14,19.22382384,20.85569392,92.1754218,95.98112632
39,1,"Varied",2,38,37.70952225,44.77627563,84.21763917,87.0962308
196,6,"Fixed",2,32,34.99451065,41.45375315,84.41819615,84.58665869
680,18,"Fixed",2,40,21.2942009,22.56558927,94.36580912,96.81931641
1310,35,"Fixed",1,20,17.73766862,20.8672942,85.00224535,86.02601779
500,13,"Varied",2,40,35.38594818,42.64267858,82.98247052,82.6050141
985,26,"Fixed",2,10,24.44935456,25.44178018,96.09922886,95.42518749
344,10,"Fixed",2,8,28.22107887,31.0102005,91.00579299,88.421638
1334,35,"Varied",2,30,21.3158257,23.75802647,89.72052339,91.72171235
459,12,"Varied",1,38,22.6282196,30.11250432,75.14559188,82.69238676
944,25,"Fixed",1,8,17.5176115,17.0823675,102.5479138,94.98132155
1044,28,"Varied",1,8,21.87812611,24.55568511,89.0959711,74.34488935
872,23,"Fixed",1,24,21.39440727,26.46535047,80.83931213,81.72674937
195,6,"Fixed",2,30,35.40160751,41.45375315,85.40024683,84.58665869
1188,32,"Fixed",2,16,19.3158546,15.65518086,123.3831457,119.1160736
1076,29,"Fixed",1,32,17.78430872,21.11145551,84.24008808,91.27928758
876,23,"Fixed",1,32,17.72429085,26.46535047,66.97168386,81.72674937
534,14,"Varied",1,28,26.02902794,23.41526922,111.1626251,117.814729
177,5,"Varied",2,34,19.6720829,25.20231183,78.05666016,87.13966255
554,15,"Fixed",1,28,21.84534454,25.6678613,85.10777071,85.948354
827,22,"Fixed",2,14,19.13346481,19.92260297,96.03898065,100.227915
84,3,"Varied",2,8,18.36311531,19.2837766,95.22572103,94.83273951
633,17,"Fixed",1,26,14.80573177,18.06457965,81.96001271,88.59066225
1326,35,"Varied",2,14,22.74364832,23.75802647,95.73037704,91.72171235
597,16,"Fixed",2,34,19.02699471,25.35471153,75.04323084,79.45739057
706,19,"Fixed",1,12,15.66376305,16.06668282,97.49220313,96.20387035
619,16,"Varied",1,38,19.64703178,27.54258664,71.33328484,76.7850369
710,19,"Fixed",1,20,16.05833244,16.06668282,99.94802678,96.20387035
712,19,"Fixed",1,24,16.66584206,16.06668282,103.7292031,96.20387035
672,18,"Fixed",2,24,21.07499504,22.56558927,93.39439263,96.81931641
1274,34,"Fixed",2,28,17.57853634,20.34860547,86.38693377,92.10375233
1021,28,"Fixed",2,2,22.35152274,22.87206536,97.72411185,79.79069751
398,11,"Fixed",1,36,19.40277481,24.16682943,80.28680332,85.13173705
1013,26,"Varied",1,26,22.50209542,24.11460821,93.31312879,95.43537165
528,14,"Varied",1,16,29.67409325,23.41526922,126.7296693,117.814729
381,11,"Fixed",1,2,24.58853722,24.16682943,101.744986,85.13173705
40,1,"Varied",2,40,36.66986465,44.77627563,81.89574531,87.0962308
522,14,"Varied",1,4,28.79727364,23.41526922,122.9850205,117.814729
473,13,"Fixed",1,26,32.67407227,36.11454646,90.47343929,91.08387589
200,6,"Fixed",2,40,35.1886673,41.45375315,84.88656544,84.58665869
1149,31,"Fixed",1,18,29.2800647,31.06081751,94.26688364,88.33495655
265,8,"Fixed",2,10,49.17081451,53.73236465,91.51060972,80.89323208
775,20,"Varied",1,30,20.97478676,24.57183647,85.36108721,87.16822512
186,6,"Fixed",2,12,35.35150528,41.45375315,85.27938387,84.58665869
1276,34,"Fixed",2,32,16.53180677,20.34860547,81.24294702,92.10375233
458,12,"Varied",1,36,22.79105759,30.11250432,75.68635721,82.69238676
1176,31,"Varied",2,32,26.40480804,33.03254708,79.93573119,92.12428433
831,22,"Fixed",2,22,21.36309242,19.92260297,107.2304279,100.227915
1078,29,"Fixed",1,36,19.33826164,21.11145551,91.60079762,91.27928758
919,24,"Fixed",2,38,21.55098343,25.85728185,83.34589673,85.40678922
235,7,"Fixed",1,30,25.47788429,36.98719152,68.88299232,76.13788766
1313,35,"Fixed",1,26,18.45416877,20.8672942,88.4358489,86.02601779
185,6,"Fixed",2,10,34.75025558,41.45375315,83.82897311,84.58665869
413,11,"Varied",2,26,16.85373306,19.97270711,84.38381922,91.0912509
627,17,"Fixed",1,14,17.16688347,18.06457965,95.03062792,88.59066225
522,14,"Varied",1,4,28.79727364,23.41526922,122.9850205,117.814729
1333,35,"Varied",2,28,21.66101288,23.75802647,91.17345207,91.72171235
1078,29,"Fixed",1,36,19.33826164,21.11145551,91.60079762,91.27928758
205,6,"Varied",1,10,34.48407745,41.4527092,83.18895947,83.72910025
779,20,"Varied",1,38,17.41114044,24.57183647,70.85811621,87.16822512
564,15,"Varied",2,8,22.02697182,24.5426089,89.74991986,86.40311549
794,21,"Fixed",1,28,21.18146515,23.55514272,89.9228903,87.72135164
409,11,"Varied",2,18,19.85997391,19.97270711,99.43556372,91.0912509
1370,36,"Varied",1,22,16.8056718,19.42486305,86.51629487,89.62137362
160,5,"Fixed",1,40,17.74307823,18.53847949,95.70945796,105.8834485
468,13,"Fixed",1,16,33.306633,36.11454646,92.2249793,91.08387589
920,24,"Fixed",2,40,22.47666507,25.85728185,86.92586173,85.40678922
1081,29,"Varied",2,2,20.94818238,19.71224948,106.2698724,95.22103858
457,12,"Varied",1,34,24.47580338,30.11250432,81.28119506,82.69238676
617,16,"Varied",1,34,18.91426086,27.54258664,68.67278338,76.7850369
357,10,"Fixed",2,34,26.2920742,31.0102005,84.78524414,88.421638
279,8,"Fixed",2,38,36.09366989,53.73236465,67.17305319,80.89323208
270,8,"Fixed",2,20,42.40050888,53.73236465,78.9105582,80.89323208
878,23,"Fixed",1,36,22.38396263,26.46535047,84.57837223,81.72674937
646,17,"Varied",2,12,13.34645271,15.51971404,85.99676953,94.02945976
347,10,"Fixed",2,14,29.50499344,31.0102005,95.14609052,88.421638
1153,31,"Fixed",1,26,28.49783888,31.06081751,91.74851521,88.33495655
218,6,"Varied",1,36,32.12292862,41.4527092,77.49295339,83.72910025
618,16,"Varied",1,36,18.68879128,27.54258664,67.85416169,76.7850369
698,18,"Varied",1,36,21.69503212,16.06668282,135.0311845,139.1826903
337,9,"Varied",2,34,29.31710243,31.77846209,92.2546294,93.78793882
797,21,"Fixed",1,34,20.58648109,23.55514272,87.39697033,87.72135164
26,1,"Varied",2,12,39.16254044,44.77627563,87.4627018,87.0962308
539,14,"Varied",1,38,26.83069229,23.41526922,114.5863071,117.814729
981,26,"Fixed",2,2,25.71904985,25.44178018,101.0898203,95.42518749
956,25,"Fixed",1,32,16.14210667,17.0823675,94.49572296,94.98132155
724,19,"Varied",2,8,18.15643692,18.10215759,100.29985,91.41679198
1246,33,"Varied",2,12,14.8548186,12.32267157,120.5486856,108.4290967
671,18,"Fixed",2,22,21.4633007,22.56558927,95.11517935,96.81931641
861,23,"Fixed",1,2,24.33175468,26.46535047,91.93815405,81.72674937
657,17,"Varied",2,34,14.66794586,15.51971404,94.51170187,94.02945976
960,25,"Fixed",1,40,17.05104453,17.0823675,99.81663566,94.98132155
1081,29,"Varied",2,2,20.94818238,19.71224948,106.2698724,95.22103858
660,17,"Varied",2,40,13.00198841,15.51971404,83.77724215,94.02945976
163,5,"Varied",2,6,24.9392662,25.20231183,98.95626389,87.13966255
238,7,"Fixed",1,36,26.18560219,36.98719152,70.79640576,76.13788766
578,15,"Varied",2,36,19.60318947,24.5426089,79.87410609,86.40311549
330,9,"Varied",2,20,30.11876678,31.77846209,94.77729507,93.78793882
1249,33,"Varied",2,18,12.33464827,12.32267157,100.0971923,108.4290967
117,4,"Fixed",2,34,23.93092346,21.23783302,112.6806272,104.3718668
648,17,"Varied",2,16,14.6554203,15.51971404,94.43099446,94.02945976
1079,29,"Fixed",1,38,17.63173707,21.11145551,83.51739207,91.27928758
1241,33,"Varied",2,2,13.63844197,12.32267157,110.6776391,108.4290967
597,16,"Fixed",2,34,19.02699471,25.35471153,75.04323084,79.45739057
557,15,"Fixed",1,34,21.50714111,25.6678613,83.79015633,85.948354
415,11,"Varied",2,30,19.01446724,19.97270711,95.20225342,91.0912509
1158,31,"Fixed",1,36,30.646479,31.06081751,98.66604119,88.33495655
957,25,"Fixed",1,34,16.64272027,17.0823675,97.42630976,94.98132155
873,23,"Fixed",1,26,22.42153931,26.46535047,84.72035665,81.72674937
688,18,"Varied",1,16,20.59900665,16.06668282,128.2094561,139.1826903
757,20,"Fixed",2,34,22.51548576,26.39436976,85.30412344,84.9956495
988,26,"Fixed",2,16,25.76886849,25.44178018,101.2856345,95.42518749
447,12,"Varied",1,14,26.2482338,30.11250432,87.167223,82.69238676
1128,30,"Varied",1,16,18.24925796,19.48640835,93.65121386,92.21923093
821,22,"Fixed",2,2,19.6720829,19.92260297,98.74253344,100.227915
831,22,"Fixed",2,22,21.36309242,19.92260297,107.2304279,100.227915
711,19,"Fixed",1,22,15.68255234,16.06668282,97.60914881,96.20387035
1234,33,"Fixed",1,28,12.27537388,7.379482401,166.344646,152.5423441
349,10,"Fixed",2,18,25.32757187,31.0102005,81.67496972,88.421638
1282,34,"Varied",1,4,23.80832357,22.18262124,107.3287206,95.11574296
177,5,"Varied",2,34,19.6720829,25.20231183,78.05666016,87.13966255
386,11,"Fixed",1,12,20.52385139,24.16682943,84.92570967,85.13173705
1165,31,"Varied",2,10,32.70956294,33.03254708,99.02222452,92.12428433
24,1,"Varied",2,8,41.88694382,44.77627563,93.54718146,87.0962308
945,25,"Fixed",1,10,14.53631721,17.0823675,85.09544834,94.98132155
1023,28,"Fixed",2,6,18.55782374,22.87206536,81.13750744,79.79069751
1154,31,"Fixed",1,28,30.22620135,31.06081751,97.31296139,88.33495655
165,5,"Varied",2,10,22.40275192,25.20231183,88.89165435,87.13966255
170,5,"Varied",2,20,21.95181465,25.20231183,87.10238488,87.13966255
710,19,"Fixed",1,20,16.05833244,16.06668282,99.94802678,96.20387035
1258,33,"Varied",2,36,11.16407521,12.32267157,90.5978476,108.4290967
422,12,"Fixed",2,4,25.87871552,28.74299431,90.03486289,83.8193647
508,14,"Fixed",2,16,25.74719238,25.40690358,101.3393556,102.7728011
64,3,"Fixed",1,8,19.64076805,19.89755122,98.70947352,96.61158139
80,3,"Fixed",1,40,17.87460136,19.89755122,89.83317177,96.61158139
548,15,"Fixed",1,16,22.2524395,25.6678613,86.69378113,85.948354
987,26,"Fixed",2,14,23.33793606,25.44178018,91.73075116,95.42518749
475,13,"Fixed",1,30,34.96632767,36.11454646,96.82061966,91.08387589
291,8,"Varied",1,22,33.85151672,55.38997269,61.1148825,69.20397959
765,20,"Varied",1,10,21.8578701,24.57183647,88.95497138,87.16822512
1367,36,"Varied",1,16,16.90267024,19.42486305,87.01564686,89.62137362
1347,36,"Fixed",2,16,19.50194697,18.55650301,105.0949468,93.51720417
479,13,"Fixed",1,38,30.51333618,36.11454646,84.49043162,91.08387589
1135,30,"Varied",1,30,17.52534732,19.48640835,89.93626224,92.21923093
791,21,"Fixed",1,22,19.06457138,23.55514272,80.93591963,87.72135164
905,24,"Fixed",2,10,24.61218581,25.85728185,95.18473731,85.40678922
1341,36,"Fixed",2,4,18.10153476,18.55650301,97.54820049,93.51720417
807,21,"Varied",2,14,24.01860428,25.21901385,95.24006141,90.72764679
1246,33,"Varied",2,12,14.8548186,12.32267157,120.5486856,108.4290967
1311,35,"Fixed",1,22,17.37867244,20.8672942,83.28186811,86.02601779
292,8,"Varied",1,24,41.6113739,55.38997269,75.12438061,69.20397959
1250,33,"Varied",2,20,14.55306049,12.32267157,118.0998812,108.4290967
297,8,"Varied",1,34,32.98722076,55.38997269,59.55449906,69.20397959
860,22,"Varied",1,40,17.15435791,20.30047035,84.50226824,87.56736073
605,16,"Varied",1,10,22.22112465,27.54258664,80.67914948,76.7850369
637,17,"Fixed",1,34,13.40281963,18.06457965,74.19391924,88.59066225
1063,29,"Fixed",1,6,20.20273959,21.11145551,95.69562635,91.27928758
1261,34,"Fixed",2,2,18.09067599,20.34860547,88.90376302,92.10375233
165,5,"Varied",2,10,22.40275192,25.20231183,88.89165435,87.13966255
619,16,"Varied",1,38,19.64703178,27.54258664,71.33328484,76.7850369
1057,28,"Varied",1,34,17.39779713,24.55568511,70.85038372,74.34488935
83,3,"Varied",2,6,17.19193459,19.2837766,89.15232188,94.83273951
866,23,"Fixed",1,12,19.89128876,26.46535047,75.15974058,81.72674937
277,8,"Fixed",2,34,41.70531845,53.73236465,77.61675616,80.89323208
1233,33,"Fixed",1,26,11.62615295,7.379482401,157.5469974,152.5423441
1023,28,"Fixed",2,6,18.55782374,22.87206536,81.13750744,79.79069751
76,3,"Fixed",1,32,18.60111046,19.89755122,93.48442054,96.61158139
1118,30,"Fixed",2,36,20.37740374,20.85569392,97.70666858,95.98112632
1054,28,"Varied",1,28,13.06227932,24.55568511,53.194522,74.34488935
1241,33,"Varied",2,2,13.63844197,12.32267157,110.6776391,108.4290967
946,25,"Fixed",1,12,16.86649848,17.0823675,98.73630505,94.98132155
1199,32,"Fixed",2,38,15.93570313,15.65518086,101.7918814,119.1160736
374,10,"Varied",1,28,29.89956284,35.928744,83.21905947,83.53457134
323,9,"Varied",2,6,30.98932457,31.77846209,97.51675358,93.78793882
115,4,"Fixed",2,30,20.94973564,21.23783302,98.64347092,104.3718668
850,22,"Varied",1,20,18.09380722,20.30047035,89.12999013,87.56736073
608,16,"Varied",1,16,20.77437019,27.54258664,75.42635868,76.7850369
682,18,"Varied",1,4,24.98310661,16.06668282,155.4963579,139.1826903
938,24,"Varied",1,36,24.55943318,26.4955833,92.69255518,90.69123437
1120,30,"Fixed",2,40,19.602841,20.85569392,93.99275359,95.98112632
397,11,"Fixed",1,34,17.38608742,24.16682943,71.94194617,85.13173705
1172,31,"Varied",2,24,36.9587321,33.03254708,111.8858077,92.12428433
989,26,"Fixed",2,18,26.3118033,25.44178018,103.4196629,95.42518749
392,11,"Fixed",1,24,22.89126587,24.16682943,94.72184152,85.13173705
593,16,"Fixed",2,26,19.09588623,25.35471153,75.31494178,79.45739057
1362,36,"Varied",1,6,15.27873625,19.42486305,78.65556741,89.62137362
744,20,"Fixed",2,8,24.51338196,26.39436976,92.87352636,84.9956495
243,7,"Varied",2,6,30.96113968,36.91307831,83.87579985,79.74097177
106,4,"Fixed",2,12,21.66371727,21.23783302,102.0053093,104.3718668
11,1,"Fixed",1,22,30.81395912,43.2167867,71.3009029,82.08009458
625,17,"Fixed",1,10,19.22114754,18.06457965,106.4024069,88.59066225
386,11,"Fixed",1,12,20.52385139,24.16682943,84.92570967,85.13173705
403,11,"Varied",2,6,19.67834663,19.97270711,98.52618637,91.0912509
461,13,"Fixed",1,2,33.1813736,36.11454646,91.87814011,91.08387589
141,5,"Fixed",1,2,20.39232826,18.53847949,110.0000045,105.8834485
31,1,"Varied",2,22,40.12704086,44.77627563,89.61674524,87.0962308
1139,30,"Varied",1,38,17.41273258,19.48640835,89.35834794,92.21923093
94,3,"Varied",2,28,19.40903664,19.2837766,100.6495617,94.83273951
16,1,"Fixed",1,32,39.29406357,43.2167867,90.92314947,82.08009458
178,5,"Varied",2,36,20.90589333,25.20231183,82.95228415,87.13966255
177,5,"Varied",2,34,19.6720829,25.20231183,78.05666016,87.13966255
524,14,"Varied",1,8,31.17721367,23.41526922,133.149072,117.814729
924,24,"Varied",1,8,24.46728554,26.4955833,92.34477031,90.69123437
204,6,"Varied",1,8,36.01224899,41.4527092,86.87550148,83.72910025
1199,32,"Fixed",2,38,15.93570313,15.65518086,101.7918814,119.1160736
373,10,"Varied",1,26,29.36094475,35.928744,81.71993084,83.53457134
646,17,"Varied",2,12,13.34645271,15.51971404,85.99676953,94.02945976
384,11,"Fixed",1,8,20.44869423,24.16682943,84.61471659,85.13173705
1146,31,"Fixed",1,12,30.5252302,31.06081751,98.27568187,88.33495655
315,9,"Fixed",1,30,29.40478516,27.72630119,106.0537608,102.7704987
259,7,"Varied",2,38,27.49770164,36.91307831,74.49311438,79.74097177
494,13,"Varied",2,28,32.2857666,42.64267858,75.71233252,82.6050141
1313,35,"Fixed",1,26,18.45416877,20.8672942,88.4358489,86.02601779
1072,29,"Fixed",1,24,18.28342884,21.11145551,86.60430271,91.27928758
1355,36,"Fixed",2,32,16.16399963,18.55650301,87.10692756,93.51720417
1124,30,"Varied",1,8,18.10460512,19.48640835,92.908887,92.21923093
1016,26,"Varied",1,32,24.08371341,24.11460821,99.87188345,95.43537165
1132,30,"Varied",1,24,17.46444326,19.48640835,89.62371592,92.21923093
1325,35,"Varied",2,12,23.45389983,23.75802647,98.71989938,91.72171235
10,1,"Fixed",1,20,33.06237793,43.2167867,76.50355441,82.08009458
170,5,"Varied",2,20,21.95181465,25.20231183,87.10238488,87.13966255
1304,35,"Fixed",1,8,19.3268154,20.8672942,92.61773574,86.02601779
1372,36,"Varied",1,26,18.28110846,19.42486305,94.11190398,89.62137362
402,11,"Varied",2,4,19.72218704,19.97270711,98.74568796,91.0912509
1233,33,"Fixed",1,26,11.62615295,7.379482401,157.5469974,152.5423441
1333,35,"Varied",2,28,21.66101288,23.75802647,91.17345207,91.72171235
108,4,"Fixed",2,16,22.23365021,21.23783302,104.6888832,104.3718668
8,1,"Fixed",1,16,32.3296051,43.2167867,74.80797988,82.08009458
626,17,"Fixed",1,12,18.67000389,18.06457965,103.3514439,88.59066225
261,8,"Fixed",2,2,55.63422775,53.73236465,103.5395113,80.89323208
541,15,"Fixed",1,2,26.22318077,25.6678613,102.1634816,85.948354
1330,35,"Varied",2,22,21.99167264,23.75802647,92.56523335,91.72171235
326,9,"Varied",2,12,29.52378273,31.77846209,92.90500794,93.78793882
1098,29,"Varied",2,36,17.41615028,19.71224948,88.35191693,95.22103858
282,8,"Varied",1,4,44.24809647,55.38997269,79.88466923,69.20397959
1291,34,"Varied",1,22,19.8036605,22.18262124,89.27556526,95.11574296
1286,34,"Varied",1,12,22.27338784,22.18262124,100.4091789,95.11574296
204,6,"Varied",1,8,36.01224899,41.4527092,86.87550148,83.72910025
1243,33,"Varied",2,6,16.57986685,12.32267157,134.5476649,108.4290967
696,18,"Varied",1,32,21.0875206,16.06668282,131.2499963,139.1826903
1376,36,"Varied",1,34,19.63969352,19.42486305,101.1059561,89.62137362
667,18,"Fixed",2,14,22.27122879,22.56558927,98.69553383,96.81931641
990,26,"Fixed",2,20,22.28576838,25.44178018,87.59516127,95.42518749
1143,31,"Fixed",1,6,21.94552602,31.06081751,70.65340767,88.33495655
452,12,"Varied",1,24,24.55722237,30.11250432,81.55157772,82.69238676
856,22,"Varied",1,32,16.45290184,20.30047035,81.04689968,87.56736073
622,17,"Fixed",1,4,20.09796715,18.06457965,111.2562127,88.59066225
646,17,"Varied",2,12,13.34645271,15.51971404,85.99676953,94.02945976
1060,28,"Varied",1,40,16.56868542,24.55568511,67.4739285,74.34488935
1079,29,"Fixed",1,38,17.63173707,21.11145551,83.51739207,91.27928758
1264,34,"Fixed",2,8,20.24821205,20.34860547,99.50663242,92.10375233
891,23,"Varied",2,22,26.08539581,30.44235547,85.68783659,74.27581966
1328,35,"Varied",2,18,22.34672883,23.75802647,94.05970168,91.72171235
1034,28,"Fixed",2,28,19.09857885,22.87206536,83.50176751,79.79069751
665,18,"Fixed",2,10,21.0248909,22.56558927,93.17235481,96.81931641
1129,30,"Varied",1,18,16.77282205,19.48640835,86.07446663,92.21923093
793,21,"Fixed",1,26,19.7973423,23.55514272,84.04679409,87.72135164
463,13,"Fixed",1,6,33.45068359,36.11454646,92.6238507,91.08387589
1204,32,"Varied",1,8,17.16884533,16.56529327,103.6434734,99.45650811
278,8,"Fixed",2,36,41.799263,53.73236465,77.79159408,80.89323208
241,7,"Varied",2,2,31.48097038,36.91307831,85.28405602,79.74097177
24,1,"Varied",2,8,41.88694382,44.77627563,93.54718146,87.0962308
679,18,"Fixed",2,38,21.59482384,22.56558927,95.69802756,96.81931641
37,1,"Varied",2,34,38.32955933,44.77627563,85.60238381,87.0962308
686,18,"Varied",1,12,21.9831295,16.06668282,136.82432,139.1826903
566,15,"Varied",2,12,21.71382141,24.5426089,88.47397399,86.40311549
1327,35,"Varied",2,16,22.24195746,23.75802647,93.61870813,91.72171235
19,1,"Fixed",1,38,38.75544357,43.2167867,89.67682822,82.08009458
378,10,"Varied",1,36,27.02484512,35.928744,75.21789552,83.53457134
549,15,"Fixed",1,18,22.03323364,25.6678613,85.83977209,85.948354
1268,34,"Fixed",2,16,18.99389193,20.34860547,93.34247478,92.10375233
48,2,"Fixed",2,16,48.8044281,53.43278376,91.33798515,85.99015531
1212,32,"Varied",1,24,16.91958617,16.56529327,102.1387662,99.45650811
464,13,"Fixed",1,8,31.53420448,36.11454646,87.31718262,91.08387589
393,11,"Fixed",1,26,20.24201584,24.16682943,83.75950143,85.13173705
1163,31,"Varied",2,6,33.12923639,33.03254708,100.2927092,92.12428433
1323,35,"Varied",2,8,22.94763184,23.75802647,96.58896484,91.72171235
670,18,"Fixed",2,20,22.26496506,22.56558927,98.66777593,96.81931641
1213,32,"Varied",1,26,18.52273035,16.56529327,111.8164952,99.45650811
311,9,"Fixed",1,22,29.86824608,27.72630119,107.7253178,102.7704987
189,6,"Fixed",2,18,33.39744568,41.45375315,80.56555351,84.58665869
38,1,"Varied",2,36,37.40263748,44.77627563,83.53226558,87.0962308
1108,30,"Fixed",2,16,20.82388361,20.85569392,99.84747419,95.98112632
319,9,"Fixed",1,38,28.67201424,27.72630119,103.4108879,102.7704987
686,18,"Varied",1,12,21.9831295,16.06668282,136.82432,139.1826903
846,22,"Varied",1,12,18.47584915,20.30047035,91.01192648,87.56736073
120,4,"Fixed",2,40,22.39022446,21.23783302,105.4261253,104.3718668
712,19,"Fixed",1,24,16.66584206,16.06668282,103.7292031,96.20387035
1355,36,"Fixed",2,32,16.16399963,18.55650301,87.10692756,93.51720417
441,12,"Varied",1,2,27.77640533,30.11250432,92.24209663,82.69238676
1223,33,"Fixed",1,6,7.28386879,7.379482401,98.70433174,152.5423441
599,16,"Fixed",2,38,17.91844368,25.35471153,70.6710611,79.45739057
72,3,"Fixed",1,24,18.97689056,19.89755122,95.37299518,96.61158139
1339,35,"Varied",2,40,21.85096774,23.75802647,91.9729918,91.72171235
714,19,"Fixed",1,28,16.06459427,16.06668282,99.98700076,96.20387035
677,18,"Fixed",2,34,21.57603455,22.56558927,95.61476232,96.81931641
81,3,"Varied",2,2,20.63658524,19.2837766,107.0152681,94.83273951
1079,29,"Fixed",1,38,17.63173707,21.11145551,83.51739207,91.27928758
134,4,"Varied",1,28,21.50087929,16.35060533,131.4989803,127.9864648
424,12,"Fixed",2,8,25.20231247,28.74299431,87.6815832,83.8193647
756,20,"Fixed",2,32,20.75558281,26.39436976,78.63640237,84.9956495
6,1,"Fixed",1,12,34.57175827,43.2167867,79.99613323,82.08009458
1152,31,"Fixed",1,24,24.85784721,31.06081751,80.02959744,88.33495655
879,23,"Fixed",1,38,22.80358315,26.46535047,86.16391902,81.72674937
668,18,"Fixed",2,16,22.4403286,22.56558927,99.44490406,96.81931641
49,2,"Fixed",2,18,43.67502975,53.43278376,81.73826381,85.99015531
1263,34,"Fixed",2,6,22.16540498,20.34860547,108.9283735,92.10375233
1364,36,"Varied",1,10,16.52203489,19.42486305,85.05612031,89.62137362
193,6,"Fixed",2,26,35.12603378,41.45375315,84.73547293,84.58665869
709,19,"Fixed",1,18,14.17943192,16.06668282,88.25363691,96.20387035
459,12,"Varied",1,38,22.6282196,30.11250432,75.14559188,82.69238676
303,9,"Fixed",1,6,27.74509048,27.72630119,100.067767,102.7704987
1172,31,"Varied",2,24,36.9587321,33.03254708,111.8858077,92.12428433
898,23,"Varied",2,36,20.10423088,30.44235547,66.04032628,74.27581966
190,6,"Fixed",2,20,32.28263474,41.45375315,77.87626519,84.58665869
191,6,"Fixed",2,22,31.6312809,41.45375315,76.30498687,84.58665869
446,12,"Varied",1,12,27.18768311,30.11250432,90.28702101,82.69238676
119,4,"Fixed",2,38,23.89960861,21.23783302,112.5331788,104.3718668
1083,29,"Varied",2,6,15.20648572,19.71224948,77.14231566,95.22103858
817,21,"Varied",2,34,20.28585625,25.21901385,80.43873709,90.72764679
61,3,"Fixed",1,2,20.43616867,19.89755122,102.7069535,96.61158139
1132,30,"Varied",1,24,17.46444326,19.48640835,89.62371592,92.21923093
1316,35,"Fixed",1,32,16.85999584,20.8672942,80.79627228,86.02601779
115,4,"Fixed",2,30,20.94973564,21.23783302,98.64347092,104.3718668
930,24,"Varied",1,20,22.37106141,26.4955833,84.43317193,90.69123437
950,25,"Fixed",1,20,16.68219107,17.0823675,97.6573714,94.98132155
698,18,"Varied",1,36,21.69503212,16.06668282,135.0311845,139.1826903
983,26,"Fixed",2,6,23.50103365,25.44178018,92.37181317,95.42518749
1227,33,"Fixed",1,14,11.29392599,7.379482401,153.0449614,152.5423441
758,20,"Fixed",2,36,20.61153221,26.39436976,78.09063978,84.9956495
993,26,"Fixed",2,26,24.99362537,25.44178018,98.23850846,95.42518749
1270,34,"Fixed",2,20,19.30634492,20.34860547,94.87797552,92.10375233
947,25,"Fixed",1,14,15.46200866,17.0823675,90.51443634,94.98132155
690,18,"Varied",1,20,22.37143517,16.06668282,139.2411578,139.1826903
251,7,"Varied",2,22,29.68348885,36.91307831,80.41455822,79.74097177
560,15,"Fixed",1,40,21.17520332,25.6678613,82.49695241,85.948354
643,17,"Varied",2,6,13.99154186,15.51971404,90.15334837,94.02945976
545,15,"Fixed",1,10,21.50087929,25.6678613,83.76576075,85.948354
990,26,"Fixed",2,20,22.28576838,25.44178018,87.59516127,95.42518749
162,5,"Varied",2,4,21.5447197,25.20231183,85.48707689,87.13966255
1346,36,"Fixed",2,14,15.65473443,18.55650301,84.36252466,93.51720417
576,15,"Varied",2,32,20.39859009,24.5426089,83.11500287,86.40311549
168,5,"Varied",2,16,24.06244659,25.20231183,95.47714016,87.13966255
788,21,"Fixed",1,16,21.16267776,23.55514272,89.84313114,87.72135164
78,3,"Fixed",1,36,19.69713593,19.89755122,98.99276403,96.61158139
665,18,"Fixed",2,10,21.0248909,22.56558927,93.17235481,96.81931641
1223,33,"Fixed",1,6,7.28386879,7.379482401,98.70433174,152.5423441
445,12,"Varied",1,10,24.54469681,30.11250432,81.50998185,82.69238676
995,26,"Fixed",2,30,23.20694659,25.44178018,91.21589145,95.42518749
95,3,"Varied",2,30,18.79526329,19.2837766,97.46671349,94.83273951
379,10,"Varied",1,38,29.36720657,35.928744,81.7373593,83.53457134
1366,36,"Varied",1,14,15.71137247,19.42486305,80.88279657,89.62137362
221,7,"Fixed",1,2,33.67615128,36.98719152,91.04814368,76.13788766
696,18,"Varied",1,32,21.0875206,16.06668282,131.2499963,139.1826903
1185,32,"Fixed",2,10,21.56060563,15.65518086,137.721856,119.1160736
620,16,"Varied",1,40,19.28377724,27.54258664,70.01440165,76.7850369
448,12,"Varied",1,16,25.69708824,30.11250432,85.336935,82.69238676
242,7,"Varied",2,4,31.5060215,36.91307831,85.35192117,79.74097177
927,24,"Varied",1,14,23.64553989,26.4955833,89.24332641,90.69123437
814,21,"Varied",2,28,21.23156929,25.21901385,84.18873718,90.72764679
926,24,"Varied",1,12,24.27647195,26.4955833,91.624599,90.69123437
407,11,"Varied",2,14,20.09796715,19.97270711,100.627156,91.0912509
229,7,"Fixed",1,18,26.58017159,36.98719152,71.86317883,76.13788766
1248,33,"Varied",2,16,13.87997889,12.32267157,112.637741,108.4290967
785,21,"Fixed",1,10,18.82031441,23.55514272,79.89896147,87.72135164
699,18,"Varied",1,38,20.87457848,16.06668282,129.9246317,139.1826903
1195,32,"Fixed",2,30,13.68465519,15.65518086,87.41294857,119.1160736
1047,28,"Varied",1,14,20.11293508,24.55568511,81.90744827,74.34488935
218,6,"Varied",1,36,32.12292862,41.4527092,77.49295339,83.72910025
1325,35,"Varied",2,12,23.45389983,23.75802647,98.71989938,91.72171235
648,17,"Varied",2,16,14.6554203,15.51971404,94.43099446,94.02945976
79,3,"Fixed",1,38,18.47584915,19.89755122,92.85488927,96.61158139
1188,32,"Fixed",2,16,19.3158546,15.65518086,123.3831457,119.1160736
237,7,"Fixed",1,34,25.70961571,36.98719152,69.50951033,76.13788766
579,15,"Varied",2,38,19.96018028,24.5426089,81.32868175,86.40311549
929,24,"Varied",1,18,22.6699911,26.4955833,85.56139656,90.69123437
422,12,"Fixed",2,4,25.87871552,28.74299431,90.03486289,83.8193647
493,13,"Varied",2,26,33.61352158,42.64267858,78.82600882,82.6050141
730,19,"Varied",2,20,17.54266357,18.10215759,96.90924126,91.41679198
209,6,"Varied",1,18,39.29406357,41.4527092,94.79251014,83.72910025
599,16,"Fixed",2,38,17.91844368,25.35471153,70.6710611,79.45739057
877,23,"Fixed",1,34,21.03115463,26.46535047,79.46675279,81.72674937
358,10,"Fixed",2,36,25.30252075,31.0102005,81.59418625,88.421638
1065,29,"Fixed",1,10,18.24668194,21.11145551,86.43024127,91.27928758
904,24,"Fixed",2,8,16.91539146,25.85728185,65.41828936,85.40678922
1153,31,"Fixed",1,26,28.49783888,31.06081751,91.74851521,88.33495655
848,22,"Varied",1,16,18.98315239,20.30047035,93.51089931,87.56736073
886,23,"Varied",2,12,24.23781013,30.44235547,79.61870807,74.27581966
450,12,"Varied",1,20,25.50293541,30.11250432,84.69217683,82.69238676
1256,33,"Varied",2,32,10.84479303,12.32267157,88.00683331,108.4290967
1358,36,"Fixed",2,38,19.34062373,18.55650301,104.2255846,93.51720417
396,11,"Fixed",1,32,18.94557571,24.16682943,78.39495773,85.13173705
639,17,"Fixed",1,38,14.01659393,18.06457965,77.59158645,88.59066225
41,2,"Fixed",2,2,51.99229431,53.43278376,97.30410929,85.99015531
1288,34,"Varied",1,16,22.3896072,22.18262124,100.9330996,95.11574296
201,6,"Varied",1,2,43.49653625,41.4527092,104.930503,83.72910025
52,2,"Fixed",2,24,47.63951111,53.43278376,89.15783112,85.99015531
1249,33,"Varied",2,18,12.33464827,12.32267157,100.0971923,108.4290967
67,3,"Fixed",1,14,20.47374725,19.89755122,102.8958138,96.61158139
680,18,"Fixed",2,40,21.2942009,22.56558927,94.36580912,96.81931641
577,15,"Varied",2,34,20.51132584,24.5426089,83.57434991,86.40311549
457,12,"Varied",1,34,24.47580338,30.11250432,81.28119506,82.69238676
1015,26,"Varied",1,30,24.80056605,24.11460821,102.8445738,95.43537165
1044,28,"Varied",1,8,21.87812611,24.55568511,89.0959711,74.34488935
1230,33,"Fixed",1,20,11.13175975,7.379482401,150.8474328,152.5423441
124,4,"Varied",1,8,18.14391136,16.35060533,110.9678266,127.9864648
592,16,"Fixed",2,24,22.00818253,25.35471153,86.80115527,79.45739057
740,19,"Varied",2,40,15.83286381,18.10215759,87.46395962,91.41679198
45,2,"Fixed",2,10,46.63742828,53.43278376,87.28242289,85.99015531
1356,36,"Fixed",2,34,17.30783994,18.55650301,93.27102165,93.51720417
1305,35,"Fixed",1,10,18.7028971,20.8672942,89.62780183,86.02601779
91,3,"Varied",2,22,16.47795296,19.2837766,85.44982292,94.83273951
653,17,"Varied",2,26,15.65750027,15.51971404,100.8878142,94.02945976
1162,31,"Varied",2,4,31.41322733,33.03254708,95.09780534,92.12428433
606,16,"Varied",1,12,21.41319656,27.54258664,77.74577181,76.7850369
127,4,"Varied",1,14,21.18772888,16.35060533,129.5837583,127.9864648
1032,28,"Fixed",2,24,17.13556735,22.87206536,74.91919542,79.79069751
839,22,"Fixed",2,38,19.69087219,19.92260297,98.83684487,100.227915
1295,34,"Varied",1,30,21.43211913,22.18262124,96.61671133,95.11574296
595,16,"Fixed",2,30,20.41737938,25.35471153,80.52696381,79.45739057
747,20,"Fixed",2,14,21.53219414,26.39436976,81.57873945,84.9956495
1191,32,"Fixed",2,22,17.25620547,15.65518086,110.2268037,119.1160736
499,13,"Varied",2,38,32.9746933,42.64267858,77.32791278,82.6050141
1279,34,"Fixed",2,38,16.50259656,20.34860547,81.09939811,92.10375233
599,16,"Fixed",2,38,17.91844368,25.35471153,70.6710611,79.45739057
931,24,"Varied",1,22,23.61832872,26.4955833,89.14062563,90.69123437
902,24,"Fixed",2,4,22.96923358,25.85728185,88.83081257,85.40678922
71,3,"Fixed",1,22,19.47166634,19.89755122,97.85961158,96.61158139
81,3,"Varied",2,2,20.63658524,19.2837766,107.0152681,94.83273951
776,20,"Varied",1,32,21.21904373,24.57183647,86.35513978,87.16822512
876,23,"Fixed",1,32,17.72429085,26.46535047,66.97168386,81.72674937
896,23,"Varied",2,32,18.50716591,30.44235547,60.79413245,74.27581966
997,26,"Fixed",2,34,24.90094458,25.44178018,97.87422267,95.42518749
270,8,"Fixed",2,20,42.40050888,53.73236465,78.9105582,80.89323208
137,4,"Varied",1,34,21.18772888,16.35060533,129.5837583,127.9864648
673,18,"Fixed",2,26,21.21278191,22.56558927,94.00499873,96.81931641
628,17,"Fixed",1,16,12.32558441,18.06457965,68.2306738,88.59066225
1070,29,"Fixed",1,20,19.97270775,21.11145551,94.60601963,91.27928758
64,3,"Fixed",1,8,19.64076805,19.89755122,98.70947352,96.61158139
531,14,"Varied",1,22,27.95176888,23.41526922,119.3741085,117.814729
229,7,"Fixed",1,18,26.58017159,36.98719152,71.86317883,76.13788766
1153,31,"Fixed",1,26,28.49783888,31.06081751,91.74851521,88.33495655
1244,33,"Varied",2,8,14.48140362,12.32267157,117.5183769,108.4290967
1246,33,"Varied",2,12,14.8548186,12.32267157,120.5486856,108.4290967
836,22,"Fixed",2,32,20.15433311,19.92260297,101.1631519,100.227915
602,16,"Varied",1,4,24.77016449,27.54258664,89.93405307,76.7850369
1146,31,"Fixed",1,12,30.5252302,31.06081751,98.27568187,88.33495655
331,9,"Varied",2,22,28.52796555,31.77846209,89.77138498,93.78793882
901,24,"Fixed",2,2,23.37693168,25.85728185,90.40753709,85.40678922
502,14,"Fixed",2,4,27.98934746,25.40690358,110.1643392,102.7728011
291,8,"Varied",1,22,33.85151672,55.38997269,61.1148825,69.20397959
743,20,"Fixed",2,6,24.26912498,26.39436976,91.94811319,84.9956495
829,22,"Fixed",2,18,19.47166634,19.92260297,97.73655764,100.227915
919,24,"Fixed",2,38,21.55098343,25.85728185,83.34589673,85.40678922
1193,32,"Fixed",2,26,13.04247245,15.65518086,83.31090244,119.1160736
729,19,"Varied",2,18,15.67002583,18.10215759,86.56440949,91.41679198
1365,36,"Varied",1,12,15.11644057,19.42486305,77.82006251,89.62137362
69,3,"Fixed",1,18,19.24619865,19.89755122,96.72646871,96.61158139
1344,36,"Fixed",2,10,20.26451498,18.55650301,109.204385,93.51720417
504,14,"Fixed",2,8,27.66367149,25.40690358,108.8824988,102.7728011
1100,29,"Varied",2,40,18.97689056,19.71224948,96.26953324,95.22103858
1026,28,"Fixed",2,12,17.10480775,22.87206536,74.78470996,79.79069751
886,23,"Varied",2,12,24.23781013,30.44235547,79.61870807,74.27581966
786,21,"Fixed",1,12,21.97686768,23.55514272,93.29965832,87.72135164
1130,30,"Varied",1,20,18.4761716,19.48640835,94.8156852,92.21923093
1135,30,"Varied",1,30,17.52534732,19.48640835,89.93626224,92.21923093
855,22,"Varied",1,30,17.68044853,20.30047035,87.09378761,87.56736073
374,10,"Varied",1,28,29.89956284,35.928744,83.21905947,83.53457134
1096,29,"Varied",2,32,19.7706715,19.71224948,100.2963742,95.22103858
449,12,"Varied",1,18,21.64492798,30.11250432,71.88019882,82.69238676
888,23,"Varied",2,16,21.22530746,30.44235547,69.7229473,74.27581966
971,25,"Varied",2,22,19.89278144,15.68795363,126.8029082,123.8830809
1253,33,"Varied",2,26,12.22360564,12.32267157,99.19606773,108.4290967
335,9,"Varied",2,30,29.517519,31.77846209,92.88529732,93.78793882
953,25,"Fixed",1,26,15.73074712,17.0823675,92.08762851,94.98132155
1080,29,"Fixed",1,40,20.12232314,21.11145551,95.31471256,91.27928758
618,16,"Varied",1,36,18.68879128,27.54258664,67.85416169,76.7850369
271,8,"Fixed",2,22,41.56126785,53.73236465,77.34866708,80.89323208
207,6,"Varied",1,14,34.83480453,41.4527092,84.03504912,83.72910025
436,12,"Fixed",2,32,21.97060394,28.74299431,76.43811813,83.8193647
876,23,"Fixed",1,32,17.72429085,26.46535047,66.97168386,81.72674937
1001,26,"Varied",1,2,23.72713868,24.11460821,98.39321655,95.43537165
601,16,"Varied",1,2,26.19186592,27.54258664,95.09588282,76.7850369
1316,35,"Fixed",1,32,16.85999584,20.8672942,80.79627228,86.02601779
387,11,"Fixed",1,14,18.01238823,24.16682943,74.53351828,85.13173705
1287,34,"Varied",1,14,20.87067157,22.18262124,94.08568694,95.11574296
1092,29,"Varied",2,24,17.4053346,19.71224948,88.29704911,95.22103858
1144,31,"Fixed",1,8,28.14450343,31.06081751,90.61095518,88.33495655
744,20,"Fixed",2,8,24.51338196,26.39436976,92.87352636,84.9956495
565,15,"Varied",2,10,21.3568306,24.5426089,87.01939833,86.40311549
792,21,"Fixed",1,24,19.05830956,23.55514272,80.90933594,87.72135164
742,20,"Fixed",2,4,23.30462265,26.39436976,88.29391594,84.9956495
836,22,"Fixed",2,32,20.15433311,19.92260297,101.1631519,100.227915
523,14,"Varied",1,6,29.01021576,23.41526922,123.8944361,117.814729
586,16,"Fixed",2,12,19.90381432,25.35471153,78.50144258,79.45739057
256,7,"Varied",2,32,29.06971359,36.91307831,78.75179997,79.74097177
1373,36,"Varied",1,28,18.07328562,19.42486305,93.04202335,89.62137362
901,24,"Fixed",2,2,23.37693168,25.85728185,90.40753709,85.40678922
88,3,"Varied",2,16,18.51342773,19.2837766,96.0051971,94.83273951
11,1,"Fixed",1,22,30.81395912,43.2167867,71.3009029,82.08009458
586,16,"Fixed",2,12,19.90381432,25.35471153,78.50144258,79.45739057
463,13,"Fixed",1,6,33.45068359,36.11454646,92.6238507,91.08387589
700,18,"Varied",1,40,22.96642113,16.06668282,142.9443862,139.1826903
1311,35,"Fixed",1,22,17.37867244,20.8672942,83.28186811,86.02601779
842,22,"Varied",1,4,18.04370308,20.30047035,88.88317742,87.56736073
685,18,"Varied",1,10,23.04157639,16.06668282,143.412157,139.1826903
280,8,"Fixed",2,40,40.87860107,53.73236465,76.07817251,80.89323208
803,21,"Varied",2,6,24.98310661,25.21901385,99.06456597,90.72764679
242,7,"Varied",2,4,31.5060215,36.91307831,85.35192117,79.74097177
778,20,"Varied",1,36,19.70339775,24.57183647,80.18691551,87.16822512
1088,29,"Varied",2,16,18.43426691,19.71224948,93.51681011,95.22103858
1352,36,"Fixed",2,26,14.34095294,18.55650301,77.28262668,93.51720417
172,5,"Varied",2,24,19.82239532,25.20231183,78.65308332,87.13966255
1322,35,"Varied",2,6,22.02070808,23.75802647,92.68744653,91.72171235
160,5,"Fixed",1,40,17.74307823,18.53847949,95.70945796,105.8834485
468,13,"Fixed",1,16,33.306633,36.11454646,92.2249793,91.08387589
929,24,"Varied",1,18,22.6699911,26.4955833,85.56139656,90.69123437
741,20,"Fixed",2,2,24.81400681,26.39436976,94.01249975,84.9956495
365,10,"Varied",1,10,30.7450676,35.928744,85.57234174,83.53457134
591,16,"Fixed",2,22,19.92260361,25.35471153,78.5755483,79.45739057
1251,33,"Varied",2,22,13.90925809,12.32267157,112.8753453,108.4290967
834,22,"Fixed",2,28,20.04159927,19.92260297,100.5972929,100.227915
1339,35,"Varied",2,40,21.85096774,23.75802647,91.9729918,91.72171235
243,7,"Varied",2,6,30.96113968,36.91307831,83.87579985,79.74097177
1289,34,"Varied",1,18,21.66564399,22.18262124,97.66944922,95.11574296
535,14,"Varied",1,30,23.99355316,23.41526922,102.4696874,117.814729
793,21,"Fixed",1,26,19.7973423,23.55514272,84.04679409,87.72135164
982,26,"Fixed",2,4,25.26944979,25.44178018,99.32264809,95.42518749
112,4,"Fixed",2,24,19.93512917,21.23783302,93.86611687,104.3718668
456,12,"Varied",1,32,24.81400681,30.11250432,82.40432791,82.69238676
1117,30,"Fixed",2,34,19.94984971,20.85569392,95.65660957,95.98112632
789,21,"Fixed",1,18,21.04994392,23.55514272,89.36453569,87.72135164
631,17,"Fixed",1,22,16.47168922,18.06457965,91.18224474,88.59066225
48,2,"Fixed",2,16,48.8044281,53.43278376,91.33798515,85.99015531
969,25,"Varied",2,18,18.35685349,15.68795363,117.0124155,123.8830809
482,13,"Varied",2,4,40.96001816,42.64267858,96.05404614,82.6050141
1272,34,"Fixed",2,24,17.94290666,20.34860547,88.17757403,92.10375233
105,4,"Fixed",2,10,19.85997391,21.23783302,93.51224245,104.3718668
1195,32,"Fixed",2,30,13.68465519,15.65518086,87.41294857,119.1160736
696,18,"Varied",1,32,21.0875206,16.06668282,131.2499963,139.1826903
459,12,"Varied",1,38,22.6282196,30.11250432,75.14559188,82.69238676
516,14,"Fixed",2,32,25.34009743,25.40690358,99.7370551,102.7728011
839,22,"Fixed",2,38,19.69087219,19.92260297,98.83684487,100.227915
1336,35,"Varied",2,34,21.3568306,23.75802647,89.89311727,91.72171235
892,23,"Varied",2,24,22.96642113,30.44235547,75.44232623,74.27581966
139,4,"Varied",1,38,21.75766182,16.35060533,133.0694576,127.9864648
481,13,"Varied",2,2,42.07483292,42.64267858,98.66836305,82.6050141
843,22,"Varied",1,6,18.10007095,20.30047035,89.16084524,87.56736073
250,7,"Varied",2,20,27.39122963,36.91307831,74.20467456,79.74097177
330,9,"Varied",2,20,30.11876678,31.77846209,94.77729507,93.78793882
633,17,"Fixed",1,26,14.80573177,18.06457965,81.96001271,88.59066225
195,6,"Fixed",2,30,35.40160751,41.45375315,85.40024683,84.58665869
1123,30,"Varied",1,6,19.54981807,19.48640835,100.3254049,92.21923093
1122,30,"Varied",1,4,20.0951448,19.48640835,103.1239028,92.21923093
1082,29,"Varied",2,4,18.33174765,19.71224948,92.99673116,95.22103858
988,26,"Fixed",2,16,25.76886849,25.44178018,101.2856345,95.42518749
8,1,"Fixed",1,16,32.3296051,43.2167867,74.80797988,82.08009458
258,7,"Varied",2,36,27.19081497,36.91307831,73.66173784,79.74097177
635,17,"Fixed",1,30,13.17735195,18.06457965,72.94579896,88.59066225
262,8,"Fixed",2,4,50.6676712,53.73236465,94.29637339,80.89323208
599,16,"Fixed",2,38,17.91844368,25.35471153,70.6710611,79.45739057
928,24,"Varied",1,16,22.24554518,26.4955833,83.95944684,90.69123437
206,6,"Varied",1,12,35.25442886,41.4527092,85.04734563,83.72910025
199,6,"Fixed",2,38,34.2116394,41.45375315,82.52965486,84.58665869
459,12,"Varied",1,38,22.6282196,30.11250432,75.14559188,82.69238676
1258,33,"Varied",2,36,11.16407521,12.32267157,90.5978476,108.4290967
1079,29,"Fixed",1,38,17.63173707,21.11145551,83.51739207,91.27928758
753,20,"Fixed",2,26,22.74721527,26.39436976,86.18207397,84.9956495
1295,34,"Varied",1,30,21.43211913,22.18262124,96.61671133,95.11574296
398,11,"Fixed",1,36,19.40277481,24.16682943,80.28680332,85.13173705
1242,33,"Varied",2,4,15.49891667,12.32267157,125.7756208,108.4290967
1179,31,"Varied",2,38,28.59790156,33.03254708,86.57492104,92.12428433
1233,33,"Fixed",1,26,11.62615295,7.379482401,157.5469974,152.5423441
818,21,"Varied",2,36,23.93092346,25.21901385,94.89238399,90.72764679
786,21,"Fixed",1,12,21.97686768,23.55514272,93.29965832,87.72135164
660,17,"Varied",2,40,13.00198841,15.51971404,83.77724215,94.02945976
347,10,"Fixed",2,14,29.50499344,31.0102005,95.14609052,88.421638
1098,29,"Varied",2,36,17.41615028,19.71224948,88.35191693,95.22103858
1353,36,"Fixed",2,28,17.46095335,18.55650301,94.09614165,93.51720417
671,18,"Fixed",2,22,21.4633007,22.56558927,95.11517935,96.81931641
1363,36,"Varied",1,8,17.18106133,19.42486305,88.44881576,89.62137362
55,2,"Fixed",2,30,44.07586288,53.43278376,82.4884271,85.99015531
1271,34,"Fixed",2,22,17.47439651,20.34860547,85.87515511,92.10375233
876,23,"Fixed",1,32,17.72429085,26.46535047,66.97168386,81.72674937
1068,29,"Fixed",1,16,18.64231906,21.11145551,88.30428129,91.27928758
860,22,"Varied",1,40,17.15435791,20.30047035,84.50226824,87.56736073
932,24,"Varied",1,24,23.33993787,26.4955833,88.08991898,90.69123437
1108,30,"Fixed",2,16,20.82388361,20.85569392,99.84747419,95.98112632
535,14,"Varied",1,30,23.99355316,23.41526922,102.4696874,117.814729
194,6,"Fixed",2,28,37.4370842,41.45375315,90.3104818,84.58665869
460,12,"Varied",1,40,21.78271484,30.11250432,72.33777241,82.69238676
576,15,"Varied",2,32,20.39859009,24.5426089,83.11500287,86.40311549
1101,30,"Fixed",2,2,19.76024694,20.85569392,94.74749204,95.98112632
998,26,"Fixed",2,36,21.77540242,25.44178018,85.58914616,95.42518749
1290,34,"Varied",1,20,20.28324091,22.18262124,91.43752982,95.11574296
713,19,"Fixed",1,26,14.98735905,16.06668282,93.28222396,96.20387035
355,10,"Fixed",2,30,26.53633118,31.0102005,85.57291068,88.421638
470,13,"Fixed",1,20,32.64275742,36.11454646,90.3867295,91.08387589
339,9,"Varied",2,38,29.02274132,31.77846209,91.32833815,93.78793882
200,6,"Fixed",2,40,35.1886673,41.45375315,84.88656544,84.58665869
1261,34,"Fixed",2,2,18.09067599,20.34860547,88.90376302,92.10375233
993,26,"Fixed",2,26,24.99362537,25.44178018,98.23850846,95.42518749
258,7,"Varied",2,36,27.19081497,36.91307831,73.66173784,79.74097177
893,23,"Varied",2,26,19.22114754,30.44235547,63.13948851,74.27581966
766,20,"Varied",1,12,22.97894669,24.57183647,93.51741663,87.16822512
1136,30,"Varied",1,32,18.3558862,19.48640835,94.19840673,92.21923093
1029,28,"Fixed",2,18,18.95183754,22.87206536,82.86019315,79.79069751
469,13,"Fixed",1,18,32.68659592,36.11454646,90.50811687,91.08387589
479,13,"Fixed",1,38,30.51333618,36.11454646,84.49043162,91.08387589
612,16,"Varied",1,24,20.8370018,27.54258664,75.65375783,76.7850369
746,20,"Fixed",2,12,23.00399971,26.39436976,87.15494978,84.9956495
1082,29,"Varied",2,4,18.33174765,19.71224948,92.99673116,95.22103858
290,8,"Varied",1,20,37.71578598,55.38997269,68.09136049,69.20397959
1311,35,"Fixed",1,22,17.37867244,20.8672942,83.28186811,86.02601779
466,13,"Fixed",1,12,31.00185013,36.11454646,85.84311079,91.08387589
488,13,"Varied",2,16,32.68033218,42.64267858,76.63761582,82.6050141
814,21,"Varied",2,28,21.23156929,25.21901385,84.18873718,90.72764679
1289,34,"Varied",1,18,21.66564399,22.18262124,97.66944922,95.11574296
591,16,"Fixed",2,22,19.92260361,25.35471153,78.5755483,79.45739057
321,9,"Varied",2,2,31.17721367,31.77846209,98.10800025,93.78793882
9,1,"Fixed",1,18,33.51331329,43.2167867,77.54698082,82.08009458
867,23,"Fixed",1,14,20.94973564,26.46535047,79.15910906,81.72674937
281,8,"Varied",1,2,51.85137558,55.38997269,93.61148429,69.20397959
642,17,"Varied",2,4,15.20656395,15.51971404,97.98224318,94.02945976
907,24,"Fixed",2,14,21.87461547,25.85728185,84.59750564,85.40678922
708,19,"Fixed",1,16,16.37774467,16.06668282,101.9360677,96.20387035
1064,29,"Fixed",1,8,20.43882334,21.11145551,96.81389959,91.27928758
1172,31,"Varied",2,24,36.9587321,33.03254708,111.8858077,92.12428433
1020,26,"Varied",1,40,21.91769873,24.11460821,90.8897152,95.43537165
18,1,"Fixed",1,36,36.04982758,43.2167867,83.41626096,82.08009458
950,25,"Fixed",1,20,16.68219107,17.0823675,97.6573714,94.98132155
398,11,"Fixed",1,36,19.40277481,24.16682943,80.28680332,85.13173705
963,25,"Varied",2,6,17.32875677,15.68795363,110.4590004,123.8830809
348,10,"Fixed",2,16,27.10626411,31.0102005,87.41079928,88.421638
67,3,"Fixed",1,14,20.47374725,19.89755122,102.8958138,96.61158139
878,23,"Fixed",1,36,22.38396263,26.46535047,84.57837223,81.72674937
383,11,"Fixed",1,6,23.23572922,24.16682943,96.14719749,85.13173705
151,5,"Fixed",1,22,16.99778175,18.53847949,91.6891904,105.8834485
591,16,"Fixed",2,22,19.92260361,25.35471153,78.5755483,79.45739057
471,13,"Fixed",1,22,36.65107727,36.11454646,101.4856363,91.08387589
1015,26,"Varied",1,30,24.80056605,24.11460821,102.8445738,95.43537165
344,10,"Fixed",2,8,28.22107887,31.0102005,91.00579299,88.421638
168,5,"Varied",2,16,24.06244659,25.20231183,95.47714016,87.13966255
161,5,"Varied",2,2,26.56138229,25.20231183,105.392642,87.13966255
421,12,"Fixed",2,2,27.54467392,28.74299431,95.83091318,83.8193647
444,12,"Varied",1,8,26.02276421,30.11250432,86.41846565,82.69238676
29,1,"Varied",2,18,36.66360092,44.77627563,81.88175636,87.0962308
633,17,"Fixed",1,26,14.80573177,18.06457965,81.96001271,88.59066225
1265,34,"Fixed",2,10,20.72696159,20.34860547,101.8593712,92.10375233
665,18,"Fixed",2,10,21.0248909,22.56558927,93.17235481,96.81931641
1066,29,"Fixed",1,12,20.63245396,21.11145551,97.73108228,91.27928758
44,2,"Fixed",2,8,47.0132103,53.43278376,87.98570276,85.99015531
224,7,"Fixed",1,8,28.39017868,36.98719152,76.75678394,76.13788766
1032,28,"Fixed",2,24,17.13556735,22.87206536,74.91919542,79.79069751
912,24,"Fixed",2,24,22.44706905,25.85728185,86.81140259,85.40678922
551,15,"Fixed",1,22,20.88710594,25.6678613,81.37454732,85.948354
352,10,"Fixed",2,24,26.1041832,31.0102005,84.17934349,88.421638
833,22,"Fixed",2,26,19.81613159,19.92260297,99.46557496,100.227915
217,6,"Varied",1,34,33.19390106,41.4527092,80.07655399,83.72910025
696,18,"Varied",1,32,21.0875206,16.06668282,131.2499963,139.1826903
683,18,"Varied",1,6,24.71379852,16.06668282,153.8201681,139.1826903
56,2,"Fixed",2,32,40.28674698,53.43278376,75.39705803,85.99015531
1302,35,"Fixed",1,4,19.17830863,20.8672942,91.90606334,86.02601779
654,17,"Varied",2,28,16.33390427,15.51971404,105.2461677,94.02945976
229,7,"Fixed",1,18,26.58017159,36.98719152,71.86317883,76.13788766
375,10,"Varied",1,30,26.96847725,35.928744,75.06100756,83.53457134
242,7,"Varied",2,4,31.5060215,36.91307831,85.35192117,79.74097177
280,8,"Fixed",2,40,40.87860107,53.73236465,76.07817251,80.89323208
660,17,"Varied",2,40,13.00198841,15.51971404,83.77724215,94.02945976
1098,29,"Varied",2,36,17.41615028,19.71224948,88.35191693,95.22103858
86,3,"Varied",2,12,18.98941612,19.2837766,98.47353304,94.83273951
17,1,"Fixed",1,34,36.45066071,43.2167867,84.34375502,82.08009458
649,17,"Varied",2,18,14.32974434,15.51971404,92.33252819,94.02945976
163,5,"Varied",2,6,24.9392662,25.20231183,98.95626389,87.13966255
1209,32,"Varied",1,18,19.62108782,16.56529327,118.4469692,99.45650811
656,17,"Varied",2,32,16.07712173,15.51971404,103.5916106,94.02945976
820,21,"Varied",2,40,22.07707405,25.21901385,87.54138517,90.72764679
474,13,"Fixed",1,28,33.81393814,36.11454646,93.62969069,91.08387589
355,10,"Fixed",2,30,26.53633118,31.0102005,85.57291068,88.421638
35,1,"Varied",2,30,38.20429993,44.77627563,85.3226388,87.0962308
781,21,"Fixed",1,2,22.96642113,23.55514272,97.50066641,87.72135164
1060,28,"Varied",1,40,16.56868542,24.55568511,67.4739285,74.34488935
503,14,"Fixed",2,6,27.2064724,25.40690358,107.0829915,102.7728011
409,11,"Varied",2,18,19.85997391,19.97270711,99.43556372,91.0912509
1052,28,"Varied",1,24,16.78939884,24.55568511,68.3727567,74.34488935
669,18,"Fixed",2,18,21.98939323,22.56558927,97.44657218,96.81931641
973,25,"Varied",2,26,21.27420704,15.68795363,135.6085538,123.8830809
812,21,"Varied",2,24,22.20233536,25.21901385,88.03807909,90.72764679
1334,35,"Varied",2,30,21.3158257,23.75802647,89.72052339,91.72171235
1177,31,"Varied",2,34,28.32460761,33.03254708,85.74757356,92.12428433
1309,35,"Fixed",1,18,17.00872294,20.8672942,81.50900049,86.02601779
148,5,"Fixed",1,16,20.22949028,18.53847949,109.1216262,105.8834485
93,3,"Varied",2,26,19.17730522,19.2837766,99.44787071,94.83273951
269,8,"Fixed",2,18,40.66566086,53.73236465,75.68187464,80.89323208
717,19,"Fixed",1,34,16.22743225,16.06668282,101.0005142,96.20387035
675,18,"Fixed",2,30,21.5447197,22.56558927,95.47598974,96.81931641
372,10,"Varied",1,24,30.90790558,35.928744,86.02556655,83.53457134
517,14,"Fixed",2,34,26.47370148,25.40690358,104.1988505,102.7728011
1080,29,"Fixed",1,40,20.12232314,21.11145551,95.31471256,91.27928758
77,3,"Fixed",1,34,19.87249947,19.89755122,99.8740963,96.61158139
471,13,"Fixed",1,22,36.65107727,36.11454646,101.4856363,91.08387589
1372,36,"Varied",1,26,18.28110846,19.42486305,94.11190398,89.62137362
684,18,"Varied",1,8,23.96850014,16.06668282,149.1813862,139.1826903
584,16,"Fixed",2,8,19.54055977,25.35471153,77.06875207,79.45739057
126,4,"Varied",1,12,20.16059685,16.35060533,123.3018377,127.9864648
1176,31,"Varied",2,32,26.40480804,33.03254708,79.93573119,92.12428433
720,19,"Fixed",1,40,16.76605034,16.06668282,104.3529055,96.20387035
1099,29,"Varied",2,38,21.51264622,19.71224948,109.1333906,95.22103858
599,16,"Fixed",2,38,17.91844368,25.35471153,70.6710611,79.45739057
480,13,"Fixed",1,40,31.74714661,36.11454646,87.90681241,91.08387589
987,26,"Fixed",2,14,23.33793606,25.44178018,91.73075116,95.42518749
304,9,"Fixed",1,8,26.71169472,27.72630119,96.34063531,102.7704987
833,22,"Fixed",2,26,19.81613159,19.92260297,99.46557496,100.227915
778,20,"Varied",1,36,19.70339775,24.57183647,80.18691551,87.16822512
1110,30,"Fixed",2,20,19.88502502,20.85569392,95.34578471,95.98112632
1066,29,"Fixed",1,12,20.63245396,21.11145551,97.73108228,91.27928758
100,3,"Varied",2,40,18.09380722,19.2837766,93.8291684,94.83273951
1049,28,"Varied",1,18,16.80707886,24.55568511,68.44475642,74.34488935
606,16,"Varied",1,12,21.41319656,27.54258664,77.74577181,76.7850369
180,5,"Varied",2,40,21.64492798,25.20231183,85.88469233,87.13966255
1317,35,"Fixed",1,34,16.73308203,20.8672942,80.18807742,86.02601779
539,14,"Varied",1,38,26.83069229,23.41526922,114.5863071,117.814729
713,19,"Fixed",1,26,14.98735905,16.06668282,93.28222396,96.20387035
211,6,"Varied",1,22,33.306633,41.4527092,80.34850711,83.72910025
547,15,"Fixed",1,14,21.15641403,25.6678613,82.42375079,85.948354
930,24,"Varied",1,20,22.37106141,26.4955833,84.43317193,90.69123437
703,19,"Fixed",1,6,16.5906868,16.06668282,103.2614323,96.20387035
343,10,"Fixed",2,6,29.19810677,31.0102005,94.15645915,88.421638
76,3,"Fixed",1,32,18.60111046,19.89755122,93.48442054,96.61158139
1231,33,"Fixed",1,22,12.02244437,7.379482401,162.9171765,152.5423441
1315,35,"Fixed",1,30,16.81086351,20.8672942,80.56082091,86.02601779
839,22,"Fixed",2,38,19.69087219,19.92260297,98.83684487,100.227915
989,26,"Fixed",2,18,26.3118033,25.44178018,103.4196629,95.42518749
34,1,"Varied",2,28,39.80762863,44.77627563,88.90339374,87.0962308
1021,28,"Fixed",2,2,22.35152274,22.87206536,97.72411185,79.79069751
201,6,"Varied",1,2,43.49653625,41.4527092,104.930503,83.72910025
266,8,"Fixed",2,12,45.93910599,53.73236465,85.4961554,80.89323208
425,12,"Fixed",2,10,25.15220833,28.74299431,87.50726545,83.8193647
1063,29,"Fixed",1,6,20.20273959,21.11145551,95.69562635,91.27928758
242,7,"Varied",2,4,31.5060215,36.91307831,85.35192117,79.74097177
1239,33,"Fixed",1,38,12.9657578,7.379482401,175.7000979,152.5423441
1127,30,"Varied",1,14,18.63953788,19.48640835,95.65404532,92.21923093
957,25,"Fixed",1,34,16.64272027,17.0823675,97.42630976,94.98132155
592,16,"Fixed",2,24,22.00818253,25.35471153,86.80115527,79.45739057
858,22,"Varied",1,36,16.52179337,20.30047035,81.38625893,87.56736073
400,11,"Fixed",1,40,18.01865005,24.16682943,74.55942911,85.13173705
2,1,"Fixed",1,4,36.68239212,43.2167867,84.87996198,82.08009458
1102,30,"Fixed",2,4,20.95371642,20.85569392,100.4700036,95.98112632
1182,32,"Fixed",2,4,19.06824304,15.65518086,121.8014868,119.1160736
156,5,"Fixed",1,32,21.12509918,18.53847949,113.9527068,105.8834485
981,26,"Fixed",2,2,25.71904985,25.44178018,101.0898203,95.42518749
215,6,"Varied",1,30,37.1583786,41.4527092,89.64041029,83.72910025
1019,26,"Varied",1,38,23.85666988,24.11460821,98.93036481,95.43537165
286,8,"Varied",1,12,41.12911987,55.38997269,74.25372839,69.20397959
1350,36,"Fixed",2,22,15.36534296,18.55650301,82.80300956,93.51720417
964,25,"Varied",2,8,21.31105953,15.68795363,135.8434633,123.8830809
430,12,"Fixed",2,20,21.76392555,28.74299431,75.71906155,83.8193647
1139,30,"Varied",1,38,17.41273258,19.48640835,89.35834794,92.21923093
750,20,"Fixed",2,20,22.2524395,26.39436976,84.30752354,84.9956495
650,17,"Varied",2,20,13.53434277,15.51971404,87.20742362,94.02945976
716,19,"Fixed",1,32,16.47168922,16.06668282,102.5207842,96.20387035
754,20,"Fixed",2,28,21.04994392,26.39436976,79.75164444,84.9956495
385,11,"Fixed",1,10,20.95599747,24.16682943,86.71388827,85.13173705
1068,29,"Fixed",1,16,18.64231906,21.11145551,88.30428129,91.27928758
161,5,"Varied",2,2,26.56138229,25.20231183,105.392642,87.13966255
1188,32,"Fixed",2,16,19.3158546,15.65518086,123.3831457,119.1160736
1139,30,"Varied",1,38,17.41273258,19.48640835,89.35834794,92.21923093
909,24,"Fixed",2,18,23.05859167,25.85728185,89.1763945,85.40678922
335,9,"Varied",2,30,29.517519,31.77846209,92.88529732,93.78793882
1101,30,"Fixed",2,2,19.76024694,20.85569392,94.74749204,95.98112632
174,5,"Varied",2,28,19.18356895,25.20231183,76.11829058,87.13966255
658,17,"Varied",2,36,15.06877804,15.51971404,97.094431,94.02945976
876,23,"Fixed",1,32,17.72429085,26.46535047,66.97168386,81.72674937
434,12,"Fixed",2,28,23.22946739,28.74299431,80.81784084,83.8193647
615,16,"Varied",1,30,20.69921494,27.54258664,75.1534894,76.7850369
1306,35,"Fixed",1,12,16.65010482,20.8672942,79.79043499,86.02601779
804,21,"Varied",2,8,24.25033569,25.21901385,96.15893721,90.72764679
1080,29,"Fixed",1,40,20.12232314,21.11145551,95.31471256,91.27928758
825,22,"Fixed",2,10,21.25662231,19.92260297,106.6960093,100.227915
515,14,"Fixed",2,30,23.63656235,25.40690358,93.03204646,102.7728011
1241,33,"Varied",2,2,13.63844197,12.32267157,110.6776391,108.4290967
51,2,"Fixed",2,22,44.73974228,53.43278376,83.73088417,85.99015531
926,24,"Varied",1,12,24.27647195,26.4955833,91.624599,90.69123437
11,1,"Fixed",1,22,30.81395912,43.2167867,71.3009029,82.08009458
230,7,"Fixed",1,20,25.89750481,36.98719152,70.01749455,76.13788766
1376,36,"Varied",1,34,19.63969352,19.42486305,101.1059561,89.62137362
1247,33,"Varied",2,14,12.67752161,12.32267157,102.8796518,108.4290967
613,16,"Varied",1,26,20.68042564,27.54258664,75.08527035,76.7850369
1169,31,"Varied",2,18,27.26661909,33.03254708,82.54470665,92.12428433
645,17,"Varied",2,10,13.65960312,15.51971404,88.0145284,94.02945976
335,9,"Varied",2,30,29.517519,31.77846209,92.88529732,93.78793882
243,7,"Varied",2,6,30.96113968,36.91307831,83.87579985,79.74097177
318,9,"Fixed",1,36,29.92461395,27.72630119,107.9286189,102.7704987
419,11,"Varied",2,38,17.19819832,19.97270711,86.10849907,91.0912509
447,12,"Varied",1,14,26.2482338,30.11250432,87.167223,82.69238676
601,16,"Varied",1,2,26.19186592,27.54258664,95.09588282,76.7850369
143,5,"Fixed",1,6,17.47377014,18.53847949,94.25676013,105.8834485
1315,35,"Fixed",1,30,16.81086351,20.8672942,80.56082091,86.02601779
162,5,"Varied",2,4,21.5447197,25.20231183,85.48707689,87.13966255
967,25,"Varied",2,14,19.53712222,15.68795363,124.5358234,123.8830809
1154,31,"Fixed",1,28,30.22620135,31.06081751,97.31296139,88.33495655
208,6,"Varied",1,16,37.57173538,41.4527092,90.63758705,83.72910025
1299,34,"Varied",1,38,18.94618771,22.18262124,85.4100492,95.11574296
723,19,"Varied",2,6,19.32135582,18.10215759,106.735099,91.41679198
1006,26,"Varied",1,12,22.29900996,24.11460821,92.47096101,95.43537165
1235,33,"Fixed",1,30,12.75336581,7.379482401,172.8219557,152.5423441
1221,33,"Fixed",1,2,9.087374271,7.379482401,123.1437895,152.5423441
720,19,"Fixed",1,40,16.76605034,16.06668282,104.3529055,96.20387035
487,13,"Varied",2,14,35.46110535,42.64267858,83.15871922,82.6050141
872,23,"Fixed",1,24,21.39440727,26.46535047,80.83931213,81.72674937
544,15,"Fixed",1,8,22.49669647,25.6678613,87.64538738,85.948354
48,2,"Fixed",2,16,48.8044281,53.43278376,91.33798515,85.99015531
1059,28,"Varied",1,38,18.38330833,24.55568511,74.86375657,74.34488935
152,5,"Fixed",1,24,18.11885834,18.53847949,97.73648562,105.8834485
1351,36,"Fixed",2,24,17.64139687,18.55650301,95.06854207,93.51720417
441,12,"Varied",1,2,27.77640533,30.11250432,92.24209663,82.69238676
1210,32,"Varied",1,20,16.39391774,16.56529327,98.96545424,99.45650811
950,25,"Fixed",1,20,16.68219107,17.0823675,97.6573714,94.98132155
781,21,"Fixed",1,2,22.96642113,23.55514272,97.50066641,87.72135164
537,14,"Varied",1,34,25.92881966,23.41526922,110.7346639,117.814729
1053,28,"Varied",1,26,16.08513148,24.55568511,65.5047147,74.34488935
693,18,"Varied",1,26,22.57185173,16.06668282,140.4885625,139.1826903
681,18,"Varied",1,2,25.35262489,16.06668282,157.7962619,139.1826903
240,7,"Fixed",1,40,30.49454689,36.98719152,82.44623514,76.13788766
1033,28,"Fixed",2,26,17.64287186,22.87206536,77.1372046,79.79069751
1317,35,"Fixed",1,34,16.73308203,20.8672942,80.18807742,86.02601779
310,9,"Fixed",1,20,28.02692413,27.72630119,101.0842519,102.7704987
750,20,"Fixed",2,20,22.2524395,26.39436976,84.30752354,84.9956495
782,21,"Fixed",1,4,22.3150692,23.55514272,94.73544467,87.72135164
1182,32,"Fixed",2,4,19.06824304,15.65518086,121.8014868,119.1160736
621,17,"Fixed",1,2,18.92052269,18.06457965,104.7382395,88.59066225
367,10,"Varied",1,14,29.4548893,35.928744,81.98140547,83.53457134
1005,26,"Varied",1,10,21.18996636,24.11460821,87.87190807,95.43537165
1247,33,"Varied",2,14,12.67752161,12.32267157,102.8796518,108.4290967
1253,33,"Varied",2,26,12.22360564,12.32267157,99.19606773,108.4290967
1096,29,"Varied",2,32,19.7706715,19.71224948,100.2963742,95.22103858
1263,34,"Fixed",2,6,22.16540498,20.34860547,108.9283735,92.10375233
782,21,"Fixed",1,4,22.3150692,23.55514272,94.73544467,87.72135164
432,12,"Fixed",2,24,23.98728943,28.74299431,83.45438604,83.8193647
1345,36,"Fixed",2,12,15.15667813,18.55650301,81.67852598,93.51720417
1175,31,"Varied",2,30,31.22191929,33.03254708,94.51865522,92.12428433
26,1,"Varied",2,12,39.16254044,44.77627563,87.4627018,87.0962308
1070,29,"Fixed",1,20,19.97270775,21.11145551,94.60601963,91.27928758
1247,33,"Varied",2,14,12.67752161,12.32267157,102.8796518,108.4290967
703,19,"Fixed",1,6,16.5906868,16.06668282,103.2614323,96.20387035
1361,36,"Varied",1,4,18.92790956,19.42486305,97.44166281,89.62137362
256,7,"Varied",2,32,29.06971359,36.91307831,78.75179997,79.74097177
39,1,"Varied",2,38,37.70952225,44.77627563,84.21763917,87.0962308
327,9,"Varied",2,14,29.29205132,31.77846209,92.17579891,93.78793882
45,2,"Fixed",2,10,46.63742828,53.43278376,87.28242289,85.99015531
1327,35,"Varied",2,16,22.24195746,23.75802647,93.61870813,91.72171235
332,9,"Varied",2,24,30.36928749,31.77846209,95.56562996,93.78793882
1120,30,"Fixed",2,40,19.602841,20.85569392,93.99275359,95.98112632
828,22,"Fixed",2,16,19.68460846,19.92260297,98.80540453,100.227915
1107,30,"Fixed",2,14,19.22382384,20.85569392,92.1754218,95.98112632
857,22,"Varied",1,34,15.41324329,20.30047035,75.92554767,87.56736073
401,11,"Varied",2,2,17.06667519,19.97270711,85.44998477,91.0912509
159,5,"Fixed",1,38,19.25872421,18.53847949,103.8851338,105.8834485
1313,35,"Fixed",1,26,18.45416877,20.8672942,88.4358489,86.02601779
848,22,"Varied",1,16,18.98315239,20.30047035,93.51089931,87.56736073
828,22,"Fixed",2,16,19.68460846,19.92260297,98.80540453,100.227915
584,16,"Fixed",2,8,19.54055977,25.35471153,77.06875207,79.45739057
831,22,"Fixed",2,22,21.36309242,19.92260297,107.2304279,100.227915
202,6,"Varied",1,4,42.93912888,41.4527092,103.5858203,83.72910025
937,24,"Varied",1,34,23.96015019,26.4955833,90.43073298,90.69123437
1372,36,"Varied",1,26,18.28110846,19.42486305,94.11190398,89.62137362
430,12,"Fixed",2,20,21.76392555,28.74299431,75.71906155,83.8193647
83,3,"Varied",2,6,17.19193459,19.2837766,89.15232188,94.83273951
144,5,"Fixed",1,8,19.60318947,18.53847949,105.7432433,105.8834485
1030,28,"Fixed",2,20,18.2091721,22.87206536,79.61315174,79.79069751
764,20,"Varied",1,8,21.51340485,24.57183647,87.55310117,87.16822512
1204,32,"Varied",1,8,17.16884533,16.56529327,103.6434734,99.45650811
89,3,"Varied",2,18,15.68881512,19.2837766,81.35758592,94.83273951
1119,30,"Fixed",2,38,19.97854317,20.85569392,95.79419054,95.98112632
857,22,"Varied",1,34,15.41324329,20.30047035,75.92554767,87.56736073
1288,34,"Varied",1,16,22.3896072,22.18262124,100.9330996,95.11574296
1195,32,"Fixed",2,30,13.68465519,15.65518086,87.41294857,119.1160736
887,23,"Varied",2,14,25.88497925,30.44235547,85.02948883,74.27581966
756,20,"Fixed",2,32,20.75558281,26.39436976,78.63640237,84.9956495
1029,28,"Fixed",2,18,18.95183754,22.87206536,82.86019315,79.79069751
142,5,"Fixed",1,4,19.55934906,18.53847949,105.50676,105.8834485
869,23,"Fixed",1,18,23.04784012,26.46535047,87.0868502,81.72674937
1379,36,"Varied",1,40,21.62868166,19.42486305,111.3453495,89.62137362
4,1,"Fixed",1,8,34.46529007,43.2167867,79.7497748,82.08009458
35,1,"Varied",2,30,38.20429993,44.77627563,85.3226388,87.0962308
1262,34,"Fixed",2,4,18.58915704,20.34860547,91.35346922,92.10375233
1234,33,"Fixed",1,28,12.27537388,7.379482401,166.344646,152.5423441
778,20,"Varied",1,36,19.70339775,24.57183647,80.18691551,87.16822512
524,14,"Varied",1,8,31.17721367,23.41526922,133.149072,117.814729
1306,35,"Fixed",1,12,16.65010482,20.8672942,79.79043499,86.02601779
204,6,"Varied",1,8,36.01224899,41.4527092,86.87550148,83.72910025
956,25,"Fixed",1,32,16.14210667,17.0823675,94.49572296,94.98132155
1253,33,"Varied",2,26,12.22360564,12.32267157,99.19606773,108.4290967
45,2,"Fixed",2,10,46.63742828,53.43278376,87.28242289,85.99015531
264,8,"Fixed",2,8,38.40471649,53.73236465,71.47408594,80.89323208
913,24,"Fixed",2,26,20.70547867,25.85728185,80.07600639,85.40678922
901,24,"Fixed",2,2,23.37693168,25.85728185,90.40753709,85.40678922
1363,36,"Varied",1,8,17.18106133,19.42486305,88.44881576,89.62137362
358,10,"Fixed",2,36,25.30252075,31.0102005,81.59418625,88.421638
1056,28,"Varied",1,32,14.39530526,24.55568511,58.62310578,74.34488935
258,7,"Varied",2,36,27.19081497,36.91307831,73.66173784,79.74097177
1169,31,"Varied",2,18,27.26661909,33.03254708,82.54470665,92.12428433
887,23,"Varied",2,14,25.88497925,30.44235547,85.02948883,74.27581966
817,21,"Varied",2,34,20.28585625,25.21901385,80.43873709,90.72764679
819,21,"Varied",2,38,23.12925911,25.21901385,91.71357471,90.72764679
914,24,"Fixed",2,28,21.97589989,25.85728185,84.98921122,85.40678922
922,24,"Varied",1,4,26.42985916,26.4955833,99.75194302,90.69123437
798,21,"Fixed",1,36,21.14388847,23.55514272,89.76336388,87.72135164
1235,33,"Fixed",1,30,12.75336581,7.379482401,172.8219557,152.5423441
69,3,"Fixed",1,18,19.24619865,19.89755122,96.72646871,96.61158139
1373,36,"Varied",1,28,18.07328562,19.42486305,93.04202335,89.62137362
477,13,"Fixed",1,34,30.93922043,36.11454646,85.6696912,91.08387589
524,14,"Varied",1,8,31.17721367,23.41526922,133.149072,117.814729
312,9,"Fixed",1,24,28.6219101,27.72630119,103.2301781,102.7704987
1,1,"Fixed",1,2,44.98712921,43.2167867,104.0964233,82.08009458
862,23,"Fixed",1,4,19.55934906,26.46535047,73.90549799,81.72674937
498,13,"Varied",2,36,36.60097122,42.64267858,85.83178272,82.6050141
1076,29,"Fixed",1,32,17.78430872,21.11145551,84.24008808,91.27928758
1221,33,"Fixed",1,2,9.087374271,7.379482401,123.1437895,152.5423441
1316,35,"Fixed",1,32,16.85999584,20.8672942,80.79627228,86.02601779
1279,34,"Fixed",2,38,16.50259656,20.34860547,81.09939811,92.10375233
1073,29,"Fixed",1,26,19.26860579,21.11145551,91.27085424,91.27928758
479,13,"Fixed",1,38,30.51333618,36.11454646,84.49043162,91.08387589
69,3,"Fixed",1,18,19.24619865,19.89755122,96.72646871,96.61158139
1356,36,"Fixed",2,34,17.30783994,18.55650301,93.27102165,93.51720417
1005,26,"Varied",1,10,21.18996636,24.11460821,87.87190807,95.43537165
394,11,"Fixed",1,28,19.5468235,24.16682943,80.88286285,85.13173705
221,7,"Fixed",1,2,33.67615128,36.98719152,91.04814368,76.13788766
990,26,"Fixed",2,20,22.28576838,25.44178018,87.59516127,95.42518749
705,19,"Fixed",1,10,16.01449013,16.06668282,99.67514957,96.20387035
303,9,"Fixed",1,6,27.74509048,27.72630119,100.067767,102.7704987
142,5,"Fixed",1,4,19.55934906,18.53847949,105.50676,105.8834485
71,3,"Fixed",1,22,19.47166634,19.89755122,97.85961158,96.61158139
703,19,"Fixed",1,6,16.5906868,16.06668282,103.2614323,96.20387035
403,11,"Varied",2,6,19.67834663,19.97270711,98.52618637,91.0912509
978,25,"Varied",2,36,20.63785261,15.68795363,131.5522285,123.8830809
435,12,"Fixed",2,30,24.08749771,28.74299431,83.80302154,83.8193647
703,19,"Fixed",1,6,16.5906868,16.06668282,103.2614323,96.20387035
165,5,"Varied",2,10,22.40275192,25.20231183,88.89165435,87.13966255
366,10,"Varied",1,12,29.66156769,35.928744,82.55665071,83.53457134
1042,28,"Varied",1,4,24.23985381,24.55568511,98.71381596,74.34488935
321,9,"Varied",2,2,31.17721367,31.77846209,98.10800025,93.78793882
807,21,"Varied",2,14,24.01860428,25.21901385,95.24006141,90.72764679
783,21,"Fixed",1,6,20.64284706,23.55514272,87.636264,87.72135164
1005,26,"Varied",1,10,21.18996636,24.11460821,87.87190807,95.43537165
865,23,"Fixed",1,10,21.23156929,26.46535047,80.22402467,81.72674937
828,22,"Fixed",2,16,19.68460846,19.92260297,98.80540453,100.227915
930,24,"Varied",1,20,22.37106141,26.4955833,84.43317193,90.69123437
346,10,"Fixed",2,12,28.97890091,31.0102005,93.44957608,88.421638
530,14,"Varied",1,20,28.67201424,23.41526922,122.450073,117.814729
956,25,"Fixed",1,32,16.14210667,17.0823675,94.49572296,94.98132155
35,1,"Varied",2,30,38.20429993,44.77627563,85.3226388,87.0962308
198,6,"Fixed",2,36,35.79617691,41.45375315,86.35207716,84.58665869
989,26,"Fixed",2,18,26.3118033,25.44178018,103.4196629,95.42518749
54,2,"Fixed",2,28,44.20738602,53.43278376,82.73457399,85.99015531
764,20,"Varied",1,8,21.51340485,24.57183647,87.55310117,87.16822512
73,3,"Fixed",1,26,18.55726814,19.89755122,93.26408028,96.61158139
1302,35,"Fixed",1,4,19.17830863,20.8672942,91.90606334,86.02601779
1044,28,"Varied",1,8,21.87812611,24.55568511,89.0959711,74.34488935
1199,32,"Fixed",2,38,15.93570313,15.65518086,101.7918814,119.1160736
990,26,"Fixed",2,20,22.28576838,25.44178018,87.59516127,95.42518749
114,4,"Fixed",2,28,22.42780304,21.23783302,105.603067,104.3718668
681,18,"Varied",1,2,25.35262489,16.06668282,157.7962619,139.1826903
398,11,"Fixed",1,36,19.40277481,24.16682943,80.28680332,85.13173705
956,25,"Fixed",1,32,16.14210667,17.0823675,94.49572296,94.98132155
20,1,"Fixed",1,40,36.7638092,43.2167867,85.06835424,82.08009458
465,13,"Fixed",1,10,32.79933167,36.11454646,90.82027848,91.08387589
1260,33,"Varied",2,40,11.84836465,12.32267157,96.15094082,108.4290967
1004,26,"Varied",1,8,24.22386925,24.11460821,100.4530907,95.43537165
1203,32,"Varied",1,6,10.7805152,16.56529327,65.0789275,99.45650811
857,22,"Varied",1,34,15.41324329,20.30047035,75.92554767,87.56736073
269,8,"Fixed",2,18,40.66566086,53.73236465,75.68187464,80.89323208
1100,29,"Varied",2,40,18.97689056,19.71224948,96.26953324,95.22103858
835,22,"Fixed",2,30,19.51550865,19.92260297,97.95662083,100.227915
1116,30,"Fixed",2,32,20.62782739,20.85569392,98.90741332,95.98112632
492,13,"Varied",2,24,33.33794785,42.64267858,78.17976956,82.6050141
1291,34,"Varied",1,22,19.8036605,22.18262124,89.27556526,95.11574296
1043,28,"Varied",1,6,21.84707647,24.55568511,88.96952527,74.34488935
1035,28,"Fixed",2,30,17.76069067,22.87206536,77.65232562,79.79069751
1087,29,"Varied",2,14,17.80843927,19.71224948,90.34199415,95.22103858
406,11,"Varied",2,12,16.94767761,19.97270711,84.85418385,91.0912509
155,5,"Fixed",1,30,20.9622612,18.53847949,113.0743285,105.8834485
258,7,"Varied",2,36,27.19081497,36.91307831,73.66173784,79.74097177
1276,34,"Fixed",2,32,16.53180677,20.34860547,81.24294702,92.10375233
390,11,"Fixed",1,20,19.14599037,24.16682943,79.22425418,85.13173705
228,7,"Fixed",1,16,26.79311371,36.98719152,72.43889738,76.13788766
823,22,"Fixed",2,6,19.69713593,19.92260297,98.8682852,100.227915
506,14,"Fixed",2,12,24.7513752,25.40690358,97.41988084,102.7728011
48,2,"Fixed",2,16,48.8044281,53.43278376,91.33798515,85.99015531
668,18,"Fixed",2,16,22.4403286,22.56558927,99.44490406,96.81931641
797,21,"Fixed",1,34,20.58648109,23.55514272,87.39697033,87.72135164
196,6,"Fixed",2,32,34.99451065,41.45375315,84.41819615,84.58665869
681,18,"Varied",1,2,25.35262489,16.06668282,157.7962619,139.1826903
389,11,"Fixed",1,18,22.03323364,24.16682943,91.17138725,85.13173705
1119,30,"Fixed",2,38,19.97854317,20.85569392,95.79419054,95.98112632
251,7,"Varied",2,22,29.68348885,36.91307831,80.41455822,79.74097177
1017,26,"Varied",1,34,24.04991913,24.11460821,99.73174316,95.43537165
1161,31,"Varied",2,2,35.28107209,33.03254708,106.8069986,92.12428433
339,9,"Varied",2,38,29.02274132,31.77846209,91.32833815,93.78793882
1180,31,"Varied",2,40,31.81698869,33.03254708,96.3201191,92.12428433
572,15,"Varied",2,24,20.52385139,24.5426089,83.62538588,86.40311549
1245,33,"Varied",2,10,18.59834098,12.32267157,150.9278314,108.4290967
17,1,"Fixed",1,34,36.45066071,43.2167867,84.34375502,82.08009458
553,15,"Fixed",1,26,21.83908081,25.6678613,85.08336769,85.948354
239,7,"Fixed",1,38,28.62817383,36.98719152,77.40023682,76.13788766
332,9,"Varied",2,24,30.36928749,31.77846209,95.56562996,93.78793882
510,14,"Fixed",2,20,25.82234955,25.40690358,101.6351696,102.7728011
1076,29,"Fixed",1,32,17.78430872,21.11145551,84.24008808,91.27928758
711,19,"Fixed",1,22,15.68255234,16.06668282,97.60914881,96.20387035
267,8,"Fixed",2,14,42.95791626,53.73236465,79.94793554,80.89323208
201,6,"Varied",1,2,43.49653625,41.4527092,104.930503,83.72910025
1006,26,"Varied",1,12,22.29900996,24.11460821,92.47096101,95.43537165
1368,36,"Varied",1,18,15.32315174,19.42486305,78.88422015,89.62137362
1363,36,"Varied",1,8,17.18106133,19.42486305,88.44881576,89.62137362
651,17,"Varied",2,22,14.17316914,15.51971404,91.32364876,94.02945976
545,15,"Fixed",1,10,21.50087929,25.6678613,83.76576075,85.948354
617,16,"Varied",1,34,18.91426086,27.54258664,68.67278338,76.7850369
1272,34,"Fixed",2,24,17.94290666,20.34860547,88.17757403,92.10375233
17,1,"Fixed",1,34,36.45066071,43.2167867,84.34375502,82.08009458
102,4,"Fixed",2,4,22.22738647,21.23783302,104.6593899,104.3718668
71,3,"Fixed",1,22,19.47166634,19.89755122,97.85961158,96.61158139
80,3,"Fixed",1,40,17.87460136,19.89755122,89.83317177,96.61158139
643,17,"Varied",2,6,13.99154186,15.51971404,90.15334837,94.02945976
1251,33,"Varied",2,22,13.90925809,12.32267157,112.8753453,108.4290967
533,14,"Varied",1,26,27.15010452,23.41526922,115.9504265,117.814729
830,22,"Fixed",2,20,20.6929512,19.92260297,103.8667047,100.227915
674,18,"Fixed",2,28,22.00818253,22.56558927,97.52983741,96.81931641
1052,28,"Varied",1,24,16.78939884,24.55568511,68.3727567,74.34488935
420,11,"Varied",2,40,16.08338356,19.97270711,80.52680826,91.0912509
154,5,"Fixed",1,28,19.34640694,18.53847949,104.3581107,105.8834485
90,3,"Varied",2,20,18.54474258,19.2837766,96.16758671,94.83273951
1301,35,"Fixed",1,2,23.22320366,20.8672942,111.2899614,86.02601779
376,10,"Varied",1,32,28.6219101,35.928744,79.66298543,83.53457134
633,17,"Fixed",1,26,14.80573177,18.06457965,81.96001271,88.59066225
606,16,"Varied",1,12,21.41319656,27.54258664,77.74577181,76.7850369
12,1,"Fixed",1,24,32.48617935,43.2167867,75.17027949,82.08009458
492,13,"Varied",2,24,33.33794785,42.64267858,78.17976956,82.6050141
1165,31,"Varied",2,10,32.70956294,33.03254708,99.02222452,92.12428433
960,25,"Fixed",1,40,17.05104453,17.0823675,99.81663566,94.98132155
545,15,"Fixed",1,10,21.50087929,25.6678613,83.76576075,85.948354
152,5,"Fixed",1,24,18.11885834,18.53847949,97.73648562,105.8834485
9,1,"Fixed",1,18,33.51331329,43.2167867,77.54698082,82.08009458
352,10,"Fixed",2,24,26.1041832,31.0102005,84.17934349,88.421638
706,19,"Fixed",1,12,15.66376305,16.06668282,97.49220313,96.20387035
384,11,"Fixed",1,8,20.44869423,24.16682943,84.61471659,85.13173705
287,8,"Varied",1,14,37.54042053,55.38997269,67.77475906,69.20397959
60,2,"Fixed",2,40,44.78984451,53.43278376,83.82465101,85.99015531
374,10,"Varied",1,28,29.89956284,35.928744,83.21905947,83.53457134
737,19,"Varied",2,34,15.50718784,18.10215759,85.66485936,91.41679198
407,11,"Varied",2,14,20.09796715,19.97270711,100.627156,91.0912509
1226,33,"Fixed",1,12,11.55001148,7.379482401,156.5151979,152.5423441
659,17,"Varied",2,38,13.20240402,15.51971404,85.06860365,94.02945976
1191,32,"Fixed",2,22,17.25620547,15.65518086,110.2268037,119.1160736
608,16,"Varied",1,16,20.77437019,27.54258664,75.42635868,76.7850369
1330,35,"Varied",2,22,21.99167264,23.75802647,92.56523335,91.72171235
915,24,"Fixed",2,30,20.94973564,25.85728185,81.02064154,85.40678922
132,4,"Varied",1,24,20.59900665,16.35060533,125.983144,127.9864648
1203,32,"Varied",1,6,10.7805152,16.56529327,65.0789275,99.45650811
163,5,"Varied",2,6,24.9392662,25.20231183,98.95626389,87.13966255
1314,35,"Fixed",1,28,17.8709505,20.8672942,85.64095719,86.02601779
925,24,"Varied",1,10,25.32762451,26.4955833,95.59187361,90.69123437
484,13,"Varied",2,8,35.19805908,42.64267858,82.54185772,82.6050141
1334,35,"Varied",2,30,21.3158257,23.75802647,89.72052339,91.72171235
230,7,"Fixed",1,20,25.89750481,36.98719152,70.01749455,76.13788766
323,9,"Varied",2,6,30.98932457,31.77846209,97.51675358,93.78793882
213,6,"Varied",1,26,35.73041534,41.4527092,86.19560949,83.72910025
309,9,"Fixed",1,18,29.49872971,27.72630119,106.3925891,102.7704987
1285,34,"Varied",1,10,22.41453444,22.18262124,101.0454725,95.11574296
467,13,"Fixed",1,14,30.83274841,36.11454646,85.37487366,91.08387589
492,13,"Varied",2,24,33.33794785,42.64267858,78.17976956,82.6050141
145,5,"Fixed",1,10,20.24827957,18.53847949,109.2229791,105.8834485
256,7,"Varied",2,32,29.06971359,36.91307831,78.75179997,79.74097177
98,3,"Varied",2,36,17.84328651,19.2837766,92.53004162,94.83273951
1213,32,"Varied",1,26,18.52273035,16.56529327,111.8164952,99.45650811
1291,34,"Varied",1,22,19.8036605,22.18262124,89.27556526,95.11574296
1294,34,"Varied",1,28,20.84690366,22.18262124,93.9785404,95.11574296
161,5,"Varied",2,2,26.56138229,25.20231183,105.392642,87.13966255
674,18,"Fixed",2,28,22.00818253,22.56558927,97.52983741,96.81931641
138,4,"Varied",1,36,21.36309242,16.35060533,130.6562784,127.9864648
893,23,"Varied",2,26,19.22114754,30.44235547,63.13948851,74.27581966
1229,33,"Fixed",1,18,11.79409277,7.379482401,159.8227644,152.5423441
780,20,"Varied",1,40,17.66165924,24.57183647,71.87765254,87.16822512
1315,35,"Fixed",1,30,16.81086351,20.8672942,80.56082091,86.02601779
1128,30,"Varied",1,16,18.24925796,19.48640835,93.65121386,92.21923093
1211,32,"Varied",1,22,19.2593791,16.56529327,116.2634357,99.45650811
1057,28,"Varied",1,34,17.39779713,24.55568511,70.85038372,74.34488935
238,7,"Fixed",1,36,26.18560219,36.98719152,70.79640576,76.13788766
939,24,"Varied",1,38,22.20676235,26.4955833,83.81307216,90.69123437
118,4,"Fixed",2,36,23.69919205,21.23783302,111.5895017,104.3718668
779,20,"Varied",1,38,17.41114044,24.57183647,70.85811621,87.16822512
772,20,"Varied",1,24,21.86413383,24.57183647,88.9804629,87.16822512
588,16,"Fixed",2,16,20.39232826,25.35471153,80.4281612,79.45739057
303,9,"Fixed",1,6,27.74509048,27.72630119,100.067767,102.7704987
14,1,"Fixed",1,28,34.15840149,43.2167867,79.0396605,82.08009458
587,16,"Fixed",2,14,17.79318237,25.35471153,70.17702548,79.45739057
433,12,"Fixed",2,26,24.23781013,28.74299431,84.32597479,83.8193647
413,11,"Varied",2,26,16.85373306,19.97270711,84.38381922,91.0912509
422,12,"Fixed",2,4,25.87871552,28.74299431,90.03486289,83.8193647
236,7,"Fixed",1,32,28.11460686,36.98719152,76.01173732,76.13788766
1299,34,"Varied",1,38,18.94618771,22.18262124,85.4100492,95.11574296
1301,35,"Fixed",1,2,23.22320366,20.8672942,111.2899614,86.02601779
49,2,"Fixed",2,18,43.67502975,53.43278376,81.73826381,85.99015531
1286,34,"Varied",1,12,22.27338784,22.18262124,100.4091789,95.11574296
1349,36,"Fixed",2,20,18.62962944,18.55650301,100.3940744,93.51720417
216,6,"Varied",1,32,30.98306084,41.4527092,74.74315054,83.72910025
254,7,"Varied",2,28,28.16157913,36.91307831,76.29160293,79.74097177
144,5,"Fixed",1,8,19.60318947,18.53847949,105.7432433,105.8834485
457,12,"Varied",1,34,24.47580338,30.11250432,81.28119506,82.69238676
846,22,"Varied",1,12,18.47584915,20.30047035,91.01192648,87.56736073
639,17,"Fixed",1,38,14.01659393,18.06457965,77.59158645,88.59066225
1093,29,"Varied",2,26,20.31727863,19.71224948,103.0693055,95.22103858
1003,26,"Varied",1,6,22.44496551,24.11460821,93.07621883,95.43537165
1144,31,"Fixed",1,8,28.14450343,31.06081751,90.61095518,88.33495655
1054,28,"Varied",1,28,13.06227932,24.55568511,53.194522,74.34488935
941,25,"Fixed",1,2,17.34842861,17.0823675,101.557519,94.98132155
628,17,"Fixed",1,16,12.32558441,18.06457965,68.2306738,88.59066225
580,15,"Varied",2,40,20.32969856,24.5426089,82.83430115,86.40311549
1003,26,"Varied",1,6,22.44496551,24.11460821,93.07621883,95.43537165
1120,30,"Fixed",2,40,19.602841,20.85569392,93.99275359,95.98112632
692,18,"Varied",1,24,21.88918495,16.06668282,136.2396034,139.1826903
70,3,"Fixed",1,20,19.59692764,19.89755122,98.48914285,96.61158139
810,21,"Varied",2,20,20.59274483,25.21901385,81.65563075,90.72764679
276,8,"Fixed",2,32,44.71781921,53.73236465,83.22324823,80.89323208
75,3,"Fixed",1,30,17.5489254,19.89755122,88.19640772,96.61158139
296,8,"Varied",1,32,32.411026,55.38997269,58.51424803,69.20397959
405,11,"Varied",2,10,18.87668228,19.97270711,94.5123872,91.0912509
741,20,"Fixed",2,2,24.81400681,26.39436976,94.01249975,84.9956495
1082,29,"Varied",2,4,18.33174765,19.71224948,92.99673116,95.22103858
83,3,"Varied",2,6,17.19193459,19.2837766,89.15232188,94.83273951
299,8,"Varied",1,38,37.08948517,55.38997269,66.96064896,69.20397959
1100,29,"Varied",2,40,18.97689056,19.71224948,96.26953324,95.22103858
579,15,"Varied",2,38,19.96018028,24.5426089,81.32868175,86.40311549
816,21,"Varied",2,32,22.49669647,25.21901385,89.20529806,90.72764679
532,14,"Varied",1,24,28.02692413,23.41526922,119.6950754,117.814729
256,7,"Varied",2,32,29.06971359,36.91307831,78.75179997,79.74097177
602,16,"Varied",1,4,24.77016449,27.54258664,89.93405307,76.7850369
1156,31,"Fixed",1,32,24.31853316,31.06081751,78.29328107,88.33495655
1028,28,"Fixed",2,16,19.52448566,22.87206536,85.3638941,79.79069751
961,25,"Varied",2,2,19.1765827,15.68795363,122.2376299,123.8830809
217,6,"Varied",1,34,33.19390106,41.4527092,80.07655399,83.72910025
765,20,"Varied",1,10,21.8578701,24.57183647,88.95497138,87.16822512
1105,30,"Fixed",2,10,20.57934592,20.85569392,98.67495179,95.98112632
725,19,"Varied",2,10,17.17314529,18.10215759,94.86794713,91.41679198
548,15,"Fixed",1,16,22.2524395,25.6678613,86.69378113,85.948354
657,17,"Varied",2,34,14.66794586,15.51971404,94.51170187,94.02945976
249,7,"Varied",2,18,29.51438713,36.91307831,79.95645035,79.74097177
1083,29,"Varied",2,6,15.20648572,19.71224948,77.14231566,95.22103858
581,16,"Fixed",2,2,25.43404388,25.35471153,100.31289,79.45739057
1161,31,"Varied",2,2,35.28107209,33.03254708,106.8069986,92.12428433
799,21,"Fixed",1,38,20.84952736,23.55514272,88.51369574,87.72135164
1222,33,"Fixed",1,4,9.192120415,7.379482401,124.5632135,152.5423441
297,8,"Varied",1,34,32.98722076,55.38997269,59.55449906,69.20397959
415,11,"Varied",2,30,19.01446724,19.97270711,95.20225342,91.0912509
73,3,"Fixed",1,26,18.55726814,19.89755122,93.26408028,96.61158139
1275,34,"Fixed",2,30,15.85270583,20.34860547,77.90561298,92.10375233
594,16,"Fixed",2,28,19.65955734,25.35471153,77.53808328,79.45739057
913,24,"Fixed",2,26,20.70547867,25.85728185,80.07600639,85.40678922
1357,36,"Fixed",2,36,21.22407051,18.55650301,114.3753783,93.51720417
175,5,"Varied",2,30,20.3171711,25.20231183,80.61629914,87.13966255
234,7,"Fixed",1,28,27.09373856,36.98719152,73.25167833,76.13788766
1296,34,"Varied",1,32,20.03861617,22.18262124,90.33475331,95.11574296
993,26,"Fixed",2,26,24.99362537,25.44178018,98.23850846,95.42518749
1167,31,"Varied",2,14,24.70365008,33.03254708,74.78578634,92.12428433
1371,36,"Varied",1,24,13.99228526,19.42486305,72.03286438,89.62137362
150,5,"Fixed",1,20,23.02905083,18.53847949,124.2229755,105.8834485
1160,31,"Fixed",1,40,28.86313023,31.06081751,92.92456718,88.33495655
1345,36,"Fixed",2,12,15.15667813,18.55650301,81.67852598,93.51720417
214,6,"Varied",1,28,24.5634861,41.4527092,59.2566483,83.72910025
1222,33,"Fixed",1,4,9.192120415,7.379482401,124.5632135,152.5423441
773,20,"Varied",1,26,21.9204998,24.57183647,89.20985547,87.16822512
474,13,"Fixed",1,28,33.81393814,36.11454646,93.62969069,91.08387589
67,3,"Fixed",1,14,20.47374725,19.89755122,102.8958138,96.61158139
425,12,"Fixed",2,10,25.15220833,28.74299431,87.50726545,83.8193647
1056,28,"Varied",1,32,14.39530526,24.55568511,58.62310578,74.34488935
309,9,"Fixed",1,18,29.49872971,27.72630119,106.3925891,102.7704987
23,1,"Varied",2,6,36.56339264,44.77627563,81.65795864,87.0962308
314,9,"Fixed",1,28,28.42775726,27.72630119,102.5299302,102.7704987
505,14,"Fixed",2,10,26.3547039,25.40690358,103.7304834,102.7728011
1139,30,"Varied",1,38,17.41273258,19.48640835,89.35834794,92.21923093
793,21,"Fixed",1,26,19.7973423,23.55514272,84.04679409,87.72135164
294,8,"Varied",1,28,36.75128555,55.38997269,66.35006982,69.20397959
678,18,"Fixed",2,36,21.25035858,22.56558927,94.17152075,96.81931641
502,14,"Fixed",2,4,27.98934746,25.40690358,110.1643392,102.7728011
721,19,"Varied",2,2,18.70758057,18.10215759,103.3444796,91.41679198
884,23,"Varied",2,8,23.72424316,30.44235547,77.93169351,74.27581966
1178,31,"Varied",2,36,28.73360906,33.03254708,86.9857507,92.12428433
39,1,"Varied",2,38,37.70952225,44.77627563,84.21763917,87.0962308
352,10,"Fixed",2,24,26.1041832,31.0102005,84.17934349,88.421638
1355,36,"Fixed",2,32,16.16399963,18.55650301,87.10692756,93.51720417
353,10,"Fixed",2,26,26.12297249,31.0102005,84.23993417,88.421638
328,9,"Varied",2,16,29.59893799,31.77846209,93.14150541,93.78793882
1041,28,"Varied",1,2,22.5701123,24.55568511,91.91399954,74.34488935
862,23,"Fixed",1,4,19.55934906,26.46535047,73.90549799,81.72674937
408,11,"Varied",2,16,16.48421669,19.97270711,82.53371262,91.0912509
135,4,"Varied",1,30,22.60316658,16.35060533,138.2405491,127.9864648
195,6,"Fixed",2,30,35.40160751,41.45375315,85.40024683,84.58665869
728,19,"Varied",2,16,16.02075386,18.10215759,88.50190249,91.41679198
207,6,"Varied",1,14,34.83480453,41.4527092,84.03504912,83.72910025
1304,35,"Fixed",1,8,19.3268154,20.8672942,92.61773574,86.02601779
599,16,"Fixed",2,38,17.91844368,25.35471153,70.6710611,79.45739057
889,23,"Varied",2,18,21.55724525,30.44235547,70.81332873,74.27581966
46,2,"Fixed",2,12,47.02573395,53.43278376,88.0091409,85.99015531
27,1,"Varied",2,14,39.72620773,44.77627563,88.72155437,87.0962308
1073,29,"Fixed",1,26,19.26860579,21.11145551,91.27085424,91.27928758
1160,31,"Fixed",1,40,28.86313023,31.06081751,92.92456718,88.33495655
1249,33,"Varied",2,18,12.33464827,12.32267157,100.0971923,108.4290967
854,22,"Varied",1,28,17.58024025,20.30047035,86.60016219,87.56736073
610,16,"Varied",1,20,21.60108757,27.54258664,78.4279554,76.7850369
901,24,"Fixed",2,2,23.37693168,25.85728185,90.40753709,85.40678922
77,3,"Fixed",1,34,19.87249947,19.89755122,99.8740963,96.61158139
607,16,"Varied",1,14,19.96018028,27.54258664,72.47024595,76.7850369
922,24,"Varied",1,4,26.42985916,26.4955833,99.75194302,90.69123437
20,1,"Fixed",1,40,36.7638092,43.2167867,85.06835424,82.08009458
1208,32,"Varied",1,16,19.38219206,16.56529327,117.0048229,99.45650811
1270,34,"Fixed",2,20,19.30634492,20.34860547,94.87797552,92.10375233
137,4,"Varied",1,34,21.18772888,16.35060533,129.5837583,127.9864648
725,19,"Varied",2,10,17.17314529,18.10215759,94.86794713,91.41679198
225,7,"Fixed",1,10,28.05197716,36.98719152,75.84240924,76.13788766
1279,34,"Fixed",2,38,16.50259656,20.34860547,81.09939811,92.10375233
946,25,"Fixed",1,12,16.86649848,17.0823675,98.73630505,94.98132155
651,17,"Varied",2,22,14.17316914,15.51971404,91.32364876,94.02945976
354,10,"Fixed",2,28,27.07494926,31.0102005,87.30981686,88.421638
203,6,"Varied",1,6,36.13124847,41.4527092,87.16257435,83.72910025
473,13,"Fixed",1,26,32.67407227,36.11454646,90.47343929,91.08387589
1137,30,"Varied",1,34,16.06550947,19.48640835,82.44469262,92.21923093
318,9,"Fixed",1,36,29.92461395,27.72630119,107.9286189,102.7704987
974,25,"Varied",2,28,20.34997298,15.68795363,129.7171923,123.8830809
242,7,"Varied",2,4,31.5060215,36.91307831,85.35192117,79.74097177
223,7,"Fixed",1,6,30.92669487,36.98719152,83.61460711,76.13788766
980,25,"Varied",2,40,20.13446578,15.68795363,128.3434809,123.8830809
232,7,"Fixed",1,24,26.20439148,36.98719152,70.84720522,76.13788766
37,1,"Varied",2,34,38.32955933,44.77627563,85.60238381,87.0962308
605,16,"Varied",1,10,22.22112465,27.54258664,80.67914948,76.7850369
1162,31,"Varied",2,4,31.41322733,33.03254708,95.09780534,92.12428433
49,2,"Fixed",2,18,43.67502975,53.43278376,81.73826381,85.99015531
967,25,"Varied",2,14,19.53712222,15.68795363,124.5358234,123.8830809
662,18,"Fixed",2,4,21.77645111,22.56558927,96.50291358,96.81931641
684,18,"Varied",1,8,23.96850014,16.06668282,149.1813862,139.1826903
767,20,"Varied",1,14,22.27122879,24.57183647,90.63721719,87.16822512
992,26,"Fixed",2,24,26.25570523,25.44178018,103.1991671,95.42518749
274,8,"Fixed",2,28,39.5946846,53.73236465,73.68870671,80.89323208
639,17,"Fixed",1,38,14.01659393,18.06457965,77.59158645,88.59066225
1164,31,"Varied",2,8,32.87369928,33.03254708,99.51911731,92.12428433
1223,33,"Fixed",1,6,7.28386879,7.379482401,98.70433174,152.5423441
899,23,"Varied",2,38,18.41948318,30.44235547,60.50610374,74.27581966
1215,32,"Varied",1,30,13.19570566,16.56529327,79.65875064,99.45650811
817,21,"Varied",2,34,20.28585625,25.21901385,80.43873709,90.72764679
