subID,groupnr,condition,cooperation,lottery1,lottery2,lottery3,lottery4,lottery5,lottery6,age,subgender,groupgender,grouphomog,feel_interested,feel_distressed,feel_excited,feel_upset,feel_strong,feel_guilty,feel_scared,feel_hostile,feel_enthusiastic,feel_proud,feel_irritable,feel_alert,feel_ashamed,feel_inspired,feel_nervous,feel_determined,feel_attentive,feel_jittery,feel_active,feel_afraid,task_threatening,task_fearful,task_enjoyable,task_worrying,task_hostile,task_challenging,task_stimulating,task_exhilarating,task_painful,task_depressing,task_pitiful,task_informative,task_exciting,task_frightening,task_terrifying,task_intolerable,task_intense,task_unpleasant,betterperf,taskascompetition
MAA,1,0,2.8333333333333335,3,4,3,2,3,2,20,1,1,0,4,1,3,3,2,1,1,1,3,2,1,2,1,3,1,2,4,2,3,1,2,1,2,1,1,3,2,3,2,1,1,3,2,1,1,1,2,2,NA,NA
MAB,1,0,3.1666666666666665,4,4,3,3,4,1,19,0,1,0,4,2,4,4,3,1,2,1,4,2,1,2,1,2,3,3,4,3,4,1,1,1,2,1,1,2,3,2,1,1,1,2,4,1,1,1,1,1,NA,NA
MAC,1,0,2.5,4,3,2,2,2,2,20,0,1,0,4,1,3,3,2,2,4,1,4,2,2,3,2,4,3,3,3,4,3,4,2,2,2,4,3,4,5,2,1,4,1,3,4,3,3,1,2,3,NA,NA
MBA,2,0,4.666666666666667,7,2,2,3,7,7,19,1,1,0,3,1,2,2,1,1,1,1,2,1,2,3,1,1,2,3,4,1,4,1,1,1,3,2,1,3,3,3,3,2,1,2,2,1,1,2,1,1,NA,NA
MBB,2,0,2.1666666666666665,1,2,3,3,1,3,19,0,1,0,4,1,2,1,2,1,1,1,2,1,1,1,2,2,1,2,3,1,2,1,1,1,2,1,1,1,2,2,1,1,1,2,2,1,1,1,1,2,NA,NA
MBC,2,0,6,7,7,7,7,7,1,20,0,1,0,4,1,3,1,2,1,1,1,4,3,1,2,1,2,1,3,4,1,4,1,1,1,4,1,1,5,4,3,3,2,1,3,4,1,1,2,1,1,NA,NA
MCA,3,0,1,1,1,1,1,1,1,19,0,2,0,4,1,4,4,3,1,1,1,4,3,1,4,1,4,3,3,4,3,4,1,1,1,3,1,1,3,2,3,1,1,1,2,3,1,1,1,1,1,NA,NA
MCB,3,0,3.5,7,7,1,1,1,4,23,1,2,0,3,1,2,4,2,1,1,1,3,2,1,1,3,2,1,4,3,1,4,1,2,1,2,2,1,4,2,2,1,1,3,1,3,1,1,2,2,3,NA,NA
MCC,3,0,4.5,5,6,4,3,7,2,20,1,2,0,4,2,4,3,4,3,2,2,3,1,1,4,1,1,3,4,4,3,4,1,1,1,3,2,1,3,1,1,2,3,1,1,2,1,1,1,2,3,NA,NA
MDA,4,0,5.833333333333333,7,6,5,7,5,5,20,0,1,0,3,1,2,1,3,1,1,1,2,1,1,3,1,4,1,2,4,1,3,1,1,1,3,3,1,3,3,1,1,1,1,3,1,1,1,1,1,1,NA,NA
MDB,4,0,7,7,7,7,7,7,7,20,1,1,0,5,3,4,4,2,1,1,1,3,2,1,4,3,1,4,4,5,3,3,1,1,1,2,1,1,4,3,1,1,1,1,2,2,1,1,1,1,1,NA,NA
MDC,4,0,2.8333333333333335,2,5,3,1,4,2,24,0,1,0,3,1,2,1,3,1,1,1,5,4,1,4,1,5,2,5,5,1,4,1,1,1,3,1,1,3,2,1,1,1,1,2,1,1,1,1,1,1,NA,NA
MEA,5,0,1.3333333333333333,1,1,2,2,1,1,24,1,3,1,4,3,4,4,4,2,1,2,4,4,2,2,1,5,2,4,4,2,4,1,1,1,3,1,1,4,3,4,1,1,1,2,4,1,1,1,1,2,NA,NA
MEB,5,0,1,1,1,1,1,1,1,22,1,3,1,4,1,3,2,3,1,1,1,4,3,1,2,1,3,2,4,3,2,3,1,1,1,2,1,1,3,3,2,1,1,1,2,2,1,1,1,2,2,NA,NA
MEC,5,0,3.1666666666666665,7,4,5,1,1,1,21,1,3,1,4,1,3,2,2,1,1,1,4,3,1,2,1,3,2,3,4,1,4,1,1,1,3,1,1,3,2,1,1,1,1,1,3,1,1,1,1,1,NA,NA
MFA,6,0,5,7,7,4,4,4,4,22,0,0,1,4,2,3,4,2,1,1,1,4,2,2,4,2,2,4,2,4,3,4,2,2,1,3,4,1,4,4,3,3,3,2,3,4,1,1,3,3,4,NA,NA
MFB,6,0,6,6,7,6,7,6,4,24,0,0,1,3,2,4,4,4,1,2,2,4,3,3,4,1,3,3,4,4,1,4,1,1,1,4,2,1,4,3,3,1,2,1,2,4,1,1,1,1,1,NA,NA
MFC,6,0,4.5,4,4,5,5,5,4,19,0,0,1,4,1,2,1,3,1,1,1,3,3,1,1,1,3,2,4,5,2,4,1,1,1,2,2,1,4,3,3,1,1,1,2,4,1,1,1,2,3,NA,NA
MGA,7,0,5.5,4,5,6,6,6,6,24,1,1,0,3,1,4,3,4,1,2,1,4,3,1,2,1,4,2,4,4,2,5,1,2,2,3,2,1,4,4,4,2,1,1,4,4,2,1,1,2,1,NA,NA
MGB,7,0,3.3333333333333335,4,4,4,4,2,2,21,0,1,0,4,1,4,3,4,2,1,1,3,4,2,2,2,4,3,4,2,2,5,2,2,2,3,2,1,5,3,3,1,2,1,3,3,1,1,1,2,2,NA,NA
MGC,7,0,2.8333333333333335,3,5,1,2,3,3,19,0,1,0,5,3,4,2,1,1,1,1,3,2,1,1,3,2,3,1,4,4,4,1,1,1,1,1,1,5,3,2,2,1,1,1,3,1,1,1,2,2,NA,NA
MHA,8,0,4.166666666666667,4,7,5,1,2,6,20,0,0,1,4,1,3,1,3,1,1,1,5,5,1,1,1,4,1,3,4,1,3,1,1,1,3,1,1,5,4,3,1,4,1,3,4,1,1,1,1,1,NA,NA
MHB,8,0,2.6666666666666665,7,1,3,1,2,2,21,0,0,1,3,1,4,2,3,1,1,1,3,2,1,2,2,3,2,3,3,2,4,2,1,1,3,2,1,3,3,3,1,1,1,1,3,1,1,1,2,3,NA,NA
MHC,8,0,3,3,4,1,5,4,1,21,0,0,1,5,1,4,1,3,1,1,1,4,3,1,4,1,4,2,4,4,1,4,1,1,1,2,2,1,4,4,1,1,1,1,2,4,1,1,1,1,2,NA,NA
MIA,9,0,7,7,7,7,7,7,7,20,1,2,0,3,1,2,2,2,1,1,1,2,2,1,3,1,1,2,2,3,1,3,1,1,1,3,1,1,2,2,1,1,1,1,1,1,1,1,1,1,1,NA,NA
MIB,9,0,7,7,7,7,7,7,7,20,1,2,0,4,1,4,1,4,1,1,1,4,4,1,3,1,2,1,4,4,1,3,1,1,1,2,1,1,3,2,2,1,1,1,2,3,1,1,1,1,1,NA,NA
MIC,9,0,7,7,7,7,7,7,7,20,0,2,0,4,1,4,1,3,1,1,1,4,4,1,4,1,4,2,5,5,1,5,1,1,1,3,2,1,5,4,3,1,1,1,4,4,1,1,1,1,4,NA,NA
MJA,10,0,5.333333333333333,1,4,6,7,7,7,20,1,2,0,5,1,4,2,4,1,1,1,3,2,1,4,1,1,3,1,4,3,4,1,1,1,2,1,1,4,2,3,1,1,1,1,4,1,1,1,1,1,NA,NA
MJB,10,0,5.5,5,4,5,5,7,7,20,0,2,0,4,1,3,3,4,1,1,2,4,4,1,3,1,2,2,5,5,2,4,3,1,1,3,1,1,4,2,2,1,1,1,1,3,1,1,1,2,1,NA,NA
MJC,10,0,4.5,2,3,4,5,6,7,20,1,2,0,2,3,1,2,4,1,3,1,4,3,2,3,2,2,3,4,4,2,4,3,1,1,3,1,1,4,4,4,1,2,3,2,3,1,1,1,1,1,NA,NA
MKA,11,0,4.166666666666667,2,7,1,2,7,6,21,0,1,0,4,1,4,2,3,1,1,1,4,2,1,1,1,3,1,3,4,1,4,1,1,1,3,1,1,4,3,3,1,1,1,2,4,1,1,1,1,1,NA,NA
MKB,11,0,3.1666666666666665,4,1,6,2,3,3,21,0,1,0,4,1,3,2,3,1,2,1,4,3,1,3,1,1,2,1,3,3,2,2,1,1,3,1,1,2,1,1,1,1,1,1,2,1,1,1,1,1,NA,NA
MKC,11,0,5.666666666666667,5,6,5,6,5,7,21,1,1,0,5,1,4,4,4,1,2,1,5,4,2,3,2,4,4,3,3,2,4,2,2,2,4,2,1,4,2,4,1,1,1,2,3,1,1,1,2,2,NA,NA
MLA,25,0,3.6666666666666665,2,6,2,5,3,4,20,0,1,0,3,1,2,1,1,1,1,1,2,1,2,3,2,1,2,3,4,2,2,1,1,1,2,1,1,4,2,1,1,1,1,2,3,1,1,1,1,2,5,5
MLB,25,0,3.3333333333333335,2,4,6,5,1,2,22,0,1,0,4,1,4,2,2,1,1,2,2,2,1,1,1,1,2,4,4,1,3,1,1,1,2,1,1,4,1,1,2,1,1,1,3,1,1,1,2,3,6,7
MLC,25,0,4,7,7,7,1,1,1,21,1,1,0,2,4,2,4,3,4,4,3,2,2,5,4,5,3,4,2,4,3,4,4,4,4,1,5,4,5,5,4,1,1,4,2,4,4,4,5,2,2,6,5
MMA,26,0,1.8333333333333333,2,2,1,3,2,1,19,0,0,1,4,2,4,1,3,4,2,1,5,3,2,3,2,4,2,4,5,2,4,1,1,1,3,1,1,3,4,3,1,1,1,4,4,1,1,1,2,1,5,5
MMB,26,0,4.5,7,7,1,1,7,4,20,0,0,1,5,1,3,1,4,1,1,1,4,3,1,2,1,3,1,3,2,1,3,1,1,1,2,1,1,2,1,1,1,1,1,1,1,1,1,1,1,1,5,5
MMC,26,0,2.6666666666666665,7,4,2,1,1,1,30,0,0,1,4,3,4,4,2,3,4,1,3,2,1,4,2,3,4,3,3,4,3,4,3,4,3,3,1,3,3,3,1,1,1,2,3,1,1,1,1,1,5,5
MNA,28,0,7,7,7,7,7,7,7,21,0,1,0,5,1,1,3,2,1,3,1,3,1,1,4,1,3,4,4,5,1,4,1,2,3,1,3,1,5,1,1,1,4,1,3,1,2,3,2,3,3,1,1
MNB,28,0,7,7,7,7,7,7,7,21,1,1,0,4,1,3,1,3,1,1,1,2,2,2,2,2,2,2,2,4,1,4,1,1,1,3,1,1,4,2,1,2,1,1,1,2,1,1,1,1,1,3,6
MNC,28,0,7,7,7,7,7,7,7,19,0,1,0,4,1,2,2,2,1,1,1,4,3,1,4,1,2,1,4,5,1,3,1,1,1,3,1,1,3,3,4,1,1,1,4,4,1,1,1,1,1,5,5
MOA,29,0,3.8333333333333335,4,3,1,4,4,7,24,1,2,0,4,1,2,1,3,3,1,1,3,3,1,2,1,1,2,3,4,2,3,1,1,1,2,1,1,3,2,1,1,1,1,2,2,1,1,1,1,2,5,6
MOB,29,0,3.8333333333333335,4,1,6,4,3,5,21,1,2,0,2,1,1,1,2,1,1,1,3,3,1,4,1,3,1,1,4,1,3,1,1,1,2,1,1,1,2,1,1,1,1,3,1,1,1,1,1,2,5,7
MOC,29,0,4.666666666666667,7,5,6,2,3,5,21,0,2,0,3,1,4,2,1,1,1,1,3,2,1,2,1,1,2,2,4,2,3,1,1,1,3,1,1,5,2,3,1,1,1,1,3,1,1,1,1,1,7,7
MPA,32,0,4,3,6,4,2,3,6,24,1,1,0,4,1,3,1,2,1,1,1,3,4,1,2,1,3,1,4,4,1,4,1,1,1,4,1,1,2,2,1,1,1,1,2,2,1,1,1,1,2,4,4
MPB,32,0,6.666666666666667,7,7,7,6,6,7,21,0,1,0,4,2,3,3,2,1,1,1,3,3,1,2,1,4,2,4,3,2,3,2,1,1,3,3,3,4,2,NA,1,1,1,1,2,1,1,1,1,1,4,5
MPC,32,0,4.333333333333333,7,1,6,4,5,3,21,0,1,0,4,1,3,1,3,1,1,1,3,2,1,3,1,3,1,2,4,1,4,1,1,1,4,1,1,4,3,2,1,2,3,3,3,1,1,1,1,1,4,4
MRA,36,0,2.3333333333333335,2,2,3,2,3,2,21,1,1,0,4,1,3,2,3,1,2,1,3,3,1,3,1,2,1,3,3,1,5,1,1,1,2,1,1,3,3,2,1,1,1,2,2,1,1,1,1,1,6,6
MRB,36,0,3.6666666666666665,1,2,5,2,5,7,19,0,1,0,3,3,2,3,2,1,1,1,2,2,2,2,1,2,3,2,2,1,2,1,1,1,1,1,1,2,2,1,1,1,1,1,2,1,1,1,1,3,2,3
MRC,36,0,5.166666666666667,7,7,3,4,3,7,19,0,1,0,4,1,2,NA,2,1,1,1,2,2,1,3,1,1,2,2,4,2,3,1,1,1,2,1,1,3,3,3,1,1,1,1,3,1,1,1,2,2,5,5
MQA,37,0,5.333333333333333,2,5,7,5,6,7,28,0,1,0,4,1,2,1,3,1,1,1,4,2,1,1,2,3,1,3,4,1,3,1,1,1,3,1,1,4,3,2,2,1,1,3,3,1,1,1,3,2,5,6
MQB,37,0,7,7,7,7,7,7,7,22,1,1,0,4,1,4,1,4,1,1,1,4,5,1,4,1,3,1,4,5,1,4,1,1,1,4,1,1,5,2,1,1,1,1,3,3,1,1,1,1,1,7,6
MQC,37,0,5.666666666666667,7,1,5,7,7,7,21,0,1,0,1,2,3,1,3,3,1,1,4,4,2,3,4,4,1,2,5,2,4,1,1,1,3,1,1,2,3,2,1,1,2,2,3,2,2,3,3,7,2,3
MSA,40,0,3.8333333333333335,6,2,7,2,5,1,21,1,1,0,2,1,3,1,4,1,1,1,4,3,3,4,2,2,1,4,3,2,3,1,2,1,3,1,2,4,2,4,1,2,1,5,3,1,1,1,1,1,3,3
MSB,40,0,3.5,4,5,1,5,2,4,19,0,1,0,5,2,4,2,4,1,1,2,3,2,2,4,1,5,3,5,5,1,3,1,1,1,4,3,1,5,3,2,1,1,1,2,4,1,1,1,1,1,7,7
MSC,40,0,7,7,7,7,7,7,7,21,0,1,0,4,2,4,3,4,1,1,2,4,4,1,3,1,3,4,5,5,2,4,1,1,1,3,2,2,4,4,3,2,1,1,2,4,1,1,2,3,2,6,6
MTA,42,0,2.1666666666666665,3,1,2,3,2,2,20,0,0,1,4,1,4,3,3,1,2,1,5,3,1,4,1,4,2,4,4,2,4,2,1,1,3,2,1,5,5,4,2,1,1,2,5,1,1,1,2,3,5,4
MTB,42,0,3.1666666666666665,7,1,3,2,4,2,22,0,0,1,4,1,4,1,4,1,1,1,3,4,1,2,1,3,1,3,4,1,4,1,1,1,4,1,1,4,3,3,1,1,1,3,4,1,1,1,2,2,5,5
MTC,42,0,3.5,4,1,4,4,6,2,19,0,0,1,3,2,3,2,3,1,1,1,3,3,1,2,3,2,2,4,4,3,4,1,1,1,3,2,1,4,2,1,2,1,1,1,3,1,1,1,1,4,7,7
MUA,43,0,2.1666666666666665,2,1,1,1,1,7,24,1,2,0,2,1,2,3,2,3,1,1,2,1,1,2,3,3,3,2,3,3,3,2,2,3,2,4,3,4,3,3,1,4,1,4,3,4,3,2,1,2,5,6
MUB,43,0,1.8333333333333333,1,3,2,2,2,1,21,1,2,0,4,1,4,2,4,1,2,1,4,3,1,4,1,3,3,3,2,2,4,1,1,1,2,1,1,4,3,2,1,1,1,2,1,1,1,1,1,1,6,6
MUC,43,0,2.1666666666666665,4,5,1,1,1,1,24,0,2,0,4,3,2,2,1,1,2,2,1,1,2,1,1,1,1,1,2,2,2,3,3,2,2,3,3,2,1,1,2,4,3,1,1,1,2,3,5,5,2,2
MVA,45,0,6.666666666666667,7,7,6,7,7,6,23,0,0,1,5,3,3,1,4,1,1,1,5,3,1,4,1,2,3,2,4,1,2,1,1,1,1,1,1,3,2,1,1,1,1,1,4,1,1,1,1,1,7,7
MVB,45,0,5.5,4,5,6,7,6,5,25,0,0,1,4,1,2,1,1,1,1,1,5,3,1,5,2,4,2,4,5,2,5,1,3,2,4,2,1,5,5,4,1,1,1,5,4,1,1,1,1,5,1,3
MVC,45,0,5.5,5,6,6,5,5,6,24,0,0,1,2,2,1,3,3,1,4,1,1,2,4,1,4,1,4,2,4,5,4,3,1,1,3,4,3,5,2,3,3,5,3,3,2,1,1,3,5,4,6,6
MWA,46,0,1.5,1,1,2,1,2,2,27,0,0,1,4,1,3,3,3,1,3,1,4,4,1,4,1,4,4,5,5,3,4,2,1,1,3,1,1,2,3,2,1,1,1,1,1,1,1,1,1,1,7,7
MWB,46,0,4.166666666666667,5,6,6,2,2,4,22,0,0,1,4,1,4,1,3,1,1,1,3,3,1,3,1,2,3,3,4,2,3,1,2,3,2,2,1,4,2,2,1,2,1,2,3,2,1,1,1,2,5,6
MWC,46,0,3.1666666666666665,3,6,1,1,7,1,28,0,0,1,3,1,4,5,4,1,1,1,3,3,1,1,1,4,1,4,5,1,5,1,1,1,3,3,1,5,4,4,1,1,1,3,4,1,1,1,1,1,3,2
MXA,49,0,2.1666666666666665,3,2,4,2,1,1,27,1,2,0,2,1,1,1,3,1,2,1,2,2,1,4,2,4,3,3,4,2,3,1,1,2,4,2,1,4,4,3,1,1,1,4,2,1,1,1,1,2,5,6
MXB,49,0,3.5,6,5,1,5,3,1,21,0,2,0,4,2,4,3,1,1,3,1,4,4,1,3,3,2,2,3,4,4,4,2,1,1,3,2,1,5,2,1,1,1,2,1,4,2,1,1,1,1,5,6
MXC,49,0,3.5,7,7,3,1,2,1,20,1,2,0,4,3,3,4,2,1,2,1,2,2,3,4,3,1,4,2,4,2,2,2,3,2,2,4,2,4,4,1,1,3,2,3,2,1,2,2,2,5,4,4
MYA,50,0,2.1666666666666665,2,3,3,2,1,2,21,0,1,0,4,3,4,1,3,1,1,1,4,2,1,4,1,2,3,4,4,1,5,1,1,1,2,1,1,4,3,1,1,1,1,1,2,1,1,1,1,5,5,6
MYB,50,0,2.3333333333333335,5,4,2,1,1,1,24,1,1,0,4,1,2,3,4,1,1,1,3,4,3,2,1,3,2,4,4,1,3,1,5,1,4,2,3,5,4,4,3,2,1,5,4,1,1,2,1,2,6,4
MYC,50,0,1.8333333333333333,3,2,1,3,1,1,20,0,1,0,4,2,2,2,3,1,1,1,2,1,2,3,1,1,1,2,2,1,3,1,1,1,1,2,2,3,2,1,2,2,1,1,2,1,1,2,1,4,2,2
MZA,51,0,3.6666666666666665,7,4,7,1,2,1,21,0,0,1,5,3,4,1,3,3,1,1,4,3,4,3,1,4,4,2,3,4,3,1,1,1,3,1,1,5,3,3,1,1,1,4,4,1,1,1,1,1,6,5
MZB,51,0,2,7,1,1,1,1,1,20,0,0,1,4,1,4,2,4,2,1,1,3,3,1,4,1,2,2,3,4,1,4,1,1,1,4,2,1,4,3,4,1,1,1,2,3,2,1,1,1,1,5,5
MZC,51,0,1.5,1,3,2,1,1,1,21,0,0,1,2,4,2,2,3,1,1,1,1,1,1,3,2,4,2,3,2,2,2,2,2,2,2,2,1,4,3,2,1,1,1,2,3,1,1,1,6,4,1,1
KAA,12,1,3.8333333333333335,4,6,2,3,1,7,21,0,0,1,4,1,5,2,4,1,1,1,4,4,1,2,1,3,1,3,3,1,4,1,1,1,2,1,1,3,3,3,4,1,1,1,4,1,1,3,7,5,NA,NA
KAB,12,1,5,6,6,7,5,5,1,20,0,0,1,4,2,1,4,2,4,1,2,2,2,4,5,1,1,4,3,3,3,4,1,2,3,1,2,4,4,1,1,4,3,4,2,1,2,2,4,8,6,NA,NA
KAC,12,1,3.8333333333333335,2,7,4,3,4,3,20,0,0,1,5,1,4,4,3,1,2,1,4,3,2,2,1,2,2,3,2,1,4,1,1,1,1,2,1,4,3,1,3,1,1,1,2,1,1,2,4,5,NA,NA
KBA,13,1,2.8333333333333335,1,7,1,3,1,4,24,0,1,0,4,1,3,1,4,1,1,1,3,3,1,2,1,1,2,3,4,1,5,1,1,1,2,1,1,3,1,1,3,1,1,1,3,1,1,1,6,5,NA,NA
KBB,13,1,2.6666666666666665,5,4,3,2,1,1,20,1,1,0,4,1,4,3,4,1,1,1,3,4,2,4,1,3,1,4,4,1,4,1,1,1,4,2,2,4,4,4,3,3,1,4,4,1,2,1,8,6,NA,NA
KBC,13,1,2.6666666666666665,3,4,2,1,2,4,20,0,1,0,3,1,1,1,2,1,1,1,3,1,1,4,1,2,1,2,4,2,4,1,1,1,1,1,1,4,2,1,4,1,1,1,1,1,1,2,8,6,NA,NA
KCA,14,1,1,1,1,1,1,1,1,24,1,2,0,4,2,5,4,4,2,1,1,4,5,2,1,2,2,2,2,4,1,3,1,2,1,3,1,1,4,2,1,4,2,2,1,4,2,1,3,5,4,NA,NA
KCB,14,1,3.3333333333333335,3,7,2,1,3,4,19,0,2,0,3,2,4,4,1,1,1,1,3,2,1,5,1,1,5,3,5,4,3,3,3,3,1,2,1,4,3,1,5,3,1,1,3,1,1,3,7,10,NA,NA
KCC,14,1,1.5,3,2,1,1,1,1,19,1,2,0,4,2,4,4,2,2,2,2,2,2,4,5,4,2,4,4,4,4,2,2,1,1,1,4,3,4,2,2,3,4,3,1,4,2,2,4,8,5,NA,NA
KDA,15,1,3.6666666666666665,4,3,4,5,3,3,24,0,1,0,4,1,4,4,3,1,1,1,4,3,2,3,1,2,4,3,4,1,4,1,3,3,2,4,1,5,3,2,4,1,1,3,4,1,2,4,7,7,NA,NA
KDB,15,1,5.333333333333333,7,6,6,3,4,6,21,0,1,0,4,3,4,4,2,4,2,2,3,2,2,4,4,4,4,3,4,4,3,2,2,4,1,4,1,5,3,2,5,2,1,3,4,1,NA,4,7,7,NA,NA
KDC,15,1,6,7,7,7,7,4,4,20,1,1,0,3,1,3,2,2,1,2,1,3,2,1,1,2,3,3,3,3,2,3,2,3,2,2,3,2,4,3,2,3,2,2,2,2,2,2,3,5,4,NA,NA
KEA,16,1,6,7,7,7,7,7,1,20,0,1,0,3,3,3,2,3,4,1,1,2,2,3,1,1,1,2,2,2,2,4,1,1,1,5,2,2,4,1,2,4,3,2,2,3,2,1,4,7,6,NA,NA
KEB,16,1,3.6666666666666665,1,4,7,2,5,3,20,1,1,0,4,1,3,2,3,1,1,2,3,3,1,5,1,4,2,4,4,1,5,1,2,1,2,3,1,4,3,2,3,1,1,2,4,1,1,3,5,6,NA,NA
KEC,16,1,3,3,3,3,3,3,3,22,0,1,0,4,1,4,3,NA,1,2,1,3,1,1,3,1,2,2,3,4,4,4,3,2,2,1,4,3,5,2,1,4,4,1,1,3,1,1,3,4,6,NA,NA
KFA,17,1,1,1,1,1,1,1,1,26,0,1,0,2,1,4,2,1,2,1,1,4,3,1,1,4,3,2,4,4,2,4,1,2,2,1,1,1,4,3,2,4,3,2,2,4,2,1,4,6,5,NA,NA
KFB,17,1,2.5,4,2,4,1,3,1,20,0,1,0,3,1,2,4,2,1,2,1,2,2,1,4,1,1,3,2,4,1,2,2,2,1,1,1,1,3,1,1,2,1,1,1,2,1,1,2,2,3,NA,NA
KFC,17,1,2.1666666666666665,4,2,4,1,1,1,23,1,1,0,4,1,4,2,4,1,1,1,4,4,1,3,1,3,3,4,3,3,3,2,2,2,2,2,1,4,3,3,4,1,1,3,4,2,1,3,8,7,NA,NA
KGA,18,1,5.166666666666667,4,1,5,7,7,7,20,0,2,0,3,1,3,4,4,1,1,1,4,4,1,5,2,4,2,4,4,1,4,2,3,3,1,3,4,4,4,1,4,2,1,5,3,3,3,4,7,7,NA,NA
KGB,18,1,4.5,7,1,5,6,7,1,20,1,2,0,4,1,2,1,3,1,1,1,4,3,2,5,2,3,2,4,5,1,3,1,3,1,1,3,2,5,3,1,5,1,1,2,4,1,1,4,9,7,NA,NA
KGC,18,1,7,7,7,7,7,7,7,23,1,2,0,4,2,4,3,2,1,1,1,1,1,2,4,1,2,3,2,3,NA,2,1,1,1,2,3,1,5,3,1,4,3,1,2,3,1,1,3,7,6,NA,NA
KHA,19,1,4.333333333333333,4,2,4,5,6,5,20,0,1,0,3,1,3,1,5,1,2,1,5,4,1,4,2,4,2,5,5,1,4,2,2,3,2,1,1,5,4,2,2,1,1,2,4,1,1,2,7,6,NA,NA
KHB,19,1,4.333333333333333,4,3,6,4,4,5,21,0,1,0,3,3,3,3,3,2,2,1,2,2,2,3,2,2,2,2,3,2,3,2,2,2,3,2,1,3,2,3,2,1,1,2,3,2,1,1,6,6,NA,NA
KHC,19,1,5,7,1,7,4,4,7,20,1,1,0,3,2,2,3,4,2,2,4,2,4,4,4,1,4,4,4,4,3,3,3,1,1,1,2,1,3,1,1,4,1,1,1,2,2,1,4,8,7,NA,NA
KIA,20,1,3.5,2,1,7,3,6,2,23,0,0,1,3,1,4,2,4,1,1,1,4,4,1,2,1,4,2,3,3,2,3,1,2,1,3,3,2,4,3,2,3,2,1,2,3,1,2,1,3,5,NA,NA
KIB,20,1,2.8333333333333335,7,5,1,2,1,1,21,0,0,1,4,2,4,4,2,2,1,1,4,4,2,2,2,4,2,4,2,2,4,2,3,2,2,2,2,4,4,3,4,2,1,2,4,2,2,2,6,6,NA,NA
KIC,20,1,4,7,7,1,1,1,7,20,0,0,1,4,1,3,2,2,1,1,1,4,3,1,2,1,3,2,3,5,2,3,1,1,1,2,1,1,4,3,3,3,1,1,3,4,1,1,3,8,6,NA,NA
KJA,21,1,5.166666666666667,7,7,7,1,2,7,21,0,1,0,5,1,4,1,4,1,1,1,4,4,1,2,1,4,1,5,4,1,4,1,2,1,4,1,1,5,4,4,3,1,1,2,4,1,2,1,8,7,5,5
KJB,21,1,2.5,2,3,3,2,2,3,22,0,1,0,4,1,4,4,3,1,2,1,4,3,2,2,1,2,1,4,2,1,4,1,2,1,2,3,1,4,4,3,2,1,1,4,5,2,3,2,6,8,2,1
KJC,21,1,3.8333333333333335,4,7,1,5,3,3,20,1,1,0,3,1,3,2,4,1,1,1,2,2,1,3,1,1,1,3,4,1,3,1,1,1,1,2,1,1,2,1,2,1,1,1,3,1,1,2,4,4,6,5
KKA,22,1,2.3333333333333335,3,2,1,5,2,1,23,1,3,1,3,1,2,2,2,1,1,1,3,2,2,2,3,3,2,4,4,2,3,1,1,1,2,1,2,5,4,3,4,1,1,3,4,1,1,2,6,8,5,5
KKB,22,1,3.1666666666666665,7,5,4,1,1,1,22,1,3,1,4,2,4,3,4,1,1,1,4,4,3,4,1,3,3,3,4,2,4,2,3,3,4,3,1,4,4,4,4,1,1,4,4,1,1,1,8,7,4,5
KKC,22,1,1,1,1,1,1,1,1,20,1,3,1,4,1,3,2,3,1,1,1,3,3,1,4,1,2,3,4,3,2,4,1,1,1,2,1,1,4,3,1,2,1,1,3,3,1,1,1,4,4,5,6
KLA,23,1,6,7,7,7,7,1,7,20,0,1,0,3,1,3,4,3,1,1,2,3,4,2,2,2,1,2,1,3,1,3,1,2,2,2,2,1,5,1,1,5,2,1,1,3,1,1,4,9,8,6,6
KLB,23,1,1.3333333333333333,1,1,1,2,2,1,21,0,1,0,3,1,1,2,3,1,2,1,3,1,1,4,1,2,2,2,4,1,4,1,2,1,1,4,1,4,3,1,3,1,1,2,1,1,1,2,4,6,5,6
KLC,23,1,3.5,6,5,1,3,5,1,21,1,1,0,5,4,4,4,3,2,3,1,4,3,1,3,2,4,2,4,4,1,4,2,3,2,1,2,3,5,1,2,5,3,1,4,4,2,2,4,8,8,5,5
KMA,24,1,4,4,3,5,4,3,5,21,0,0,1,5,2,3,2,2,1,1,1,3,3,2,4,2,3,1,3,4,1,4,2,3,4,2,3,3,4,2,3,4,2,4,3,3,2,2,4,7,6,2,2
KMB,24,1,5.166666666666667,5,5,6,6,5,4,19,0,0,1,5,1,4,2,2,1,1,1,5,3,1,1,2,4,1,4,4,1,4,1,2,2,2,1,1,5,5,3,4,1,1,3,4,3,3,3,8,6,7,7
KMC,24,1,7,7,7,7,7,7,7,19,0,0,1,4,2,4,1,3,2,1,1,4,3,2,4,2,2,1,3,4,1,4,1,2,1,2,1,1,5,2,3,3,1,1,2,4,1,1,3,7,4,3,5
KNA,27,1,5.333333333333333,7,5,5,5,5,5,20,1,1,0,4,1,1,1,1,1,1,1,3,1,1,2,1,1,2,2,4,1,3,1,1,1,1,1,1,2,1,1,1,1,1,1,2,1,1,2,1,2,1,1
KNB,27,1,6.333333333333333,7,7,7,6,6,5,22,0,1,0,4,1,4,3,4,1,1,1,3,4,1,2,1,4,1,5,4,1,4,1,2,1,3,1,1,5,3,3,3,1,1,3,4,1,1,3,6,7,6,6
KNC,27,1,5.5,5,6,7,5,5,5,22,0,1,0,3,2,4,4,2,4,2,3,2,1,2,4,3,4,4,3,4,3,4,3,3,4,1,4,4,3,1,1,4,4,4,1,1,1,3,5,7,8,3,2
KOA,30,1,1.8333333333333333,5,1,2,1,1,1,19,0,0,1,4,1,4,1,4,1,2,1,5,3,1,1,2,2,2,4,1,1,4,1,3,3,2,2,1,5,1,2,4,2,1,1,4,3,2,1,8,5,3,2
KOB,30,1,2.1666666666666665,2,4,1,4,1,1,19,0,0,1,4,2,4,3,3,1,2,1,4,4,1,3,1,4,2,3,4,2,4,2,4,4,2,3,3,5,4,3,3,2,2,2,4,2,2,4,4,4,5,4
KOC,30,1,2.5,5,4,1,3,1,1,19,0,0,1,4,1,4,1,2,1,1,1,4,2,1,3,2,3,3,3,3,2,4,1,2,2,3,2,1,5,5,4,2,3,1,5,3,2,1,2,4,3,4,3
KPA,31,1,7,7,7,7,7,7,7,21,1,1,0,4,2,4,4,2,1,1,1,2,3,1,1,2,1,4,2,1,2,4,1,1,1,2,1,1,5,1,4,4,1,1,4,4,1,2,1,8,7,4,5
KPB,31,1,7,7,7,7,7,7,7,26,0,1,0,3,1,1,1,4,1,1,1,3,3,1,2,1,2,1,2,3,1,3,1,2,2,2,1,1,4,3,2,3,2,1,2,2,1,1,3,7,6,5,3
KPC,31,1,7,7,7,7,7,7,7,20,0,1,0,3,2,3,1,4,2,2,1,4,4,2,3,2,4,3,3,4,2,4,2,3,2,2,2,2,4,4,3,4,2,1,3,3,3,3,2,7,7,5,5
KQA,33,1,5.333333333333333,7,2,4,7,7,5,22,1,2,0,4,2,4,1,3,1,1,1,4,3,1,5,1,4,2,4,5,1,4,1,1,1,3,2,1,3,4,3,1,1,1,2,4,1,1,1,3,6,1,1
KQB,33,1,6.166666666666667,7,7,6,7,5,5,22,1,2,0,4,1,4,4,4,1,1,2,4,3,1,2,1,3,2,3,4,1,5,2,1,2,3,1,1,2,3,2,3,1,1,3,4,1,1,3,7,7,5,6
KQC,33,1,4.5,5,4,5,4,5,4,25,0,2,0,3,2,4,3,4,1,2,1,4,3,1,3,2,4,3,4,3,2,4,3,2,2,3,2,2,5,3,4,2,1,1,4,3,2,2,3,7,4,5,5
KRA,34,1,2.3333333333333335,4,2,2,2,2,2,21,0,0,1,4,1,2,1,4,1,1,1,3,3,1,3,1,1,1,4,4,1,3,1,1,1,NA,1,1,5,2,1,3,1,1,1,4,1,1,2,3,3,7,7
KRB,34,1,1.8333333333333333,4,2,1,1,2,1,20,0,0,1,4,1,3,4,2,3,2,1,4,1,2,3,4,4,3,2,3,2,2,1,1,1,2,3,2,4,3,2,4,4,1,2,3,1,2,3,8,7,4,4
KRC,34,1,1.1666666666666667,1,1,1,2,1,1,22,0,0,1,4,1,2,1,3,1,1,1,4,3,1,3,1,3,2,3,4,2,4,1,2,2,3,2,3,4,3,3,4,3,1,2,4,3,3,4,8,7,4,5
KSA,35,1,4.166666666666667,4,4,5,6,2,4,20,0,1,0,4,2,4,4,3,2,3,1,4,3,1,4,1,2,4,4,3,4,3,3,3,2,2,4,1,5,3,4,4,3,1,3,4,2,4,1,7,7,5,5
KSB,35,1,4.166666666666667,5,3,5,6,4,2,23,0,1,0,3,1,2,1,3,1,1,1,2,2,1,3,1,1,1,3,2,1,2,1,1,1,2,2,1,3,2,1,3,1,1,1,2,1,1,1,7,4,3,4
KSC,35,1,3.5,1,3,6,2,4,5,20,1,1,0,4,1,4,2,2,2,1,1,3,2,1,4,1,5,2,3,4,1,3,1,2,2,1,2,1,4,3,2,3,1,1,4,4,1,1,2,6,8,6,6
KTA,38,1,2.6666666666666665,6,6,1,1,1,1,20,1,2,0,2,2,2,2,2,1,3,1,2,1,1,2,1,2,3,2,3,2,2,2,2,2,2,2,1,2,1,1,3,1,1,1,1,1,1,2,3,3,2,3
KTB,38,1,3.3333333333333335,4,2,5,1,1,7,21,0,2,0,4,1,4,4,5,1,2,1,4,5,1,2,1,4,1,5,2,1,5,1,2,1,1,2,3,5,5,1,3,1,2,1,5,1,2,2,3,3,6,7
KTC,38,1,5.666666666666667,7,1,7,5,7,7,20,1,2,0,4,1,3,1,3,2,1,1,3,3,2,2,1,4,2,3,2,1,4,1,4,3,1,4,2,4,NA,3,4,4,1,2,4,1,1,4,8,8,2,3
KUA,39,1,4,7,6,6,2,2,1,25,0,1,0,3,2,3,2,2,2,1,1,2,2,1,3,2,2,2,2,4,2,4,2,2,2,1,4,2,4,3,3,4,2,1,3,2,2,2,4,8,7,3,3
KUB,39,1,4,3,6,5,4,3,3,19,1,1,0,4,1,5,2,4,2,1,1,4,3,2,3,2,3,3,3,3,2,4,1,1,2,4,2,1,5,2,3,2,1,1,3,4,1,1,2,4,2,4,6
KUC,39,1,3.3333333333333335,4,4,2,1,4,5,19,0,1,0,3,1,2,4,1,1,1,1,3,1,1,4,2,1,4,4,4,2,3,3,4,2,1,5,3,5,1,1,3,1,1,1,3,1,1,3,4,5,4,5
KVA,41,1,3.5,3,4,3,6,3,2,21,0,1,0,3,4,3,3,4,1,1,1,3,3,2,5,1,4,2,3,5,1,5,1,1,1,4,1,2,4,4,4,3,3,1,4,3,1,1,3,6,7,6,6
KVB,41,1,3,4,3,4,2,3,2,26,1,1,0,4,3,3,3,3,2,2,2,2,2,3,3,2,2,3,3,3,3,3,2,2,2,2,2,2,3,2,2,3,3,2,2,2,2,2,3,6,5,5,5
KVC,41,1,3.5,1,4,3,5,1,7,20,0,1,0,5,1,3,4,3,1,1,1,3,2,1,3,1,3,2,3,5,2,5,1,1,1,4,4,1,5,3,3,4,2,1,1,4,2,1,3,8,7,5,5
KWA,44,1,4.166666666666667,5,3,4,6,5,2,21,1,2,0,4,2,3,4,3,1,1,1,2,2,1,3,3,4,3,2,4,1,3,1,4,2,2,3,1,4,2,1,4,1,1,3,2,2,3,3,8,7,5,4
KWB,44,1,3.1666666666666665,5,4,3,4,2,1,23,0,2,0,4,2,3,2,3,1,1,1,4,4,1,2,1,4,3,5,5,3,3,1,1,1,2,2,1,5,5,4,3,1,1,2,3,1,1,2,6,4,5,4
KWC,44,1,3.6666666666666665,5,2,6,1,4,4,21,1,2,0,2,1,3,2,3,1,2,1,3,3,1,2,1,2,2,3,4,1,3,1,1,1,1,1,1,4,3,3,2,1,1,3,3,1,1,1,6,8,6,7
KXA,47,1,5,6,6,7,5,4,2,NA,0,0,1,3,3,3,3,4,2,2,2,3,3,2,3,2,3,2,3,3,2,3,2,2,2,3,2,2,3,2,2,2,2,2,3,3,2,2,2,2,3,4,4
KXB,47,1,1.1666666666666667,1,1,2,1,1,1,21,0,0,1,4,1,4,1,4,1,1,1,4,4,1,4,1,4,1,4,4,1,4,1,2,1,2,1,1,5,4,3,3,1,1,3,3,1,1,1,4,6,5,5
KXC,47,1,2,7,1,1,1,1,1,23,0,0,1,4,1,2,1,5,1,1,1,5,5,1,2,1,4,2,5,5,1,4,1,1,1,3,2,1,5,5,3,3,1,1,3,4,2,1,1,3,7,6,6
KYA,48,1,5,1,2,7,7,7,6,21,0,0,1,4,1,4,1,3,1,1,2,4,3,1,3,2,3,2,4,4,1,5,1,1,1,2,1,1,5,4,1,4,1,1,1,4,1,1,1,6,7,5,6
KYB,48,1,4,1,1,3,7,5,7,19,0,0,1,4,5,2,1,2,3,1,1,2,1,2,3,4,3,1,1,3,1,4,2,2,1,1,4,1,4,3,1,5,3,2,1,1,1,1,3,4,7,3,6
KYC,48,1,5.333333333333333,6,5,5,4,6,6,19,0,0,1,4,1,2,3,3,1,2,1,3,4,1,2,2,4,3,4,4,2,4,3,3,2,2,3,2,4,3,2,4,2,1,3,4,NA,2,2,4,5,5,5
